CardId,CardDescription,CardNumber,LowestBeckettPrice,HighestBeckettPrice,FrontCardMainImagePath,FrontCardThumbnailImagePath,BackCardMainImagePath,BackCardThumbnailImagePath,LowestComcprice,EbayPrice,PricePaid,IsGraded,Copies,SerialNumber,Grade,IsRookie,IsAutograph,IsPatch,IsOnCardAutograph,IsGameWornJersey,SportId,YearId,SetId,GradeCompanyId,LocationId,TimeStamp
6,Donruss,226,3.00,8.00,Donruss226front.JPG,Donruss226front_thumb.JPG,Donruss226back.JPG,Donruss226back_thumb.JPG,0.00,0.00,0.00,False,0,0,0.0,True,False,False,False,False,4,19,4,4,7,01/15/2022 08:46:11
7,Panini Chronicles Threads Purple,76,8.00,20.00,PaniniChroniclesThreadsPurple76front.JPG,PaniniChroniclesThreadsPurple76front_thumb.JPG,PaniniChroniclesThreadsPurple76back.JPG,PaniniChroniclesThreadsPurple76back_thumb.JPG,0.00,0.00,37.53,True,0,49,9.0,True,False,False,False,False,4,18,12,2,2,11/23/2021 11:55:59
8,Fleer Metal,181,100.00,250.00,FleerMetal181front.JPG,FleerMetal181front_thumb.JPG,FleerMetal181back.JPG,FleerMetal181back_thumb.JPG,0.00,0.00,165.04,True,0,0,9.0,True,False,False,False,False,4,7,6,3,2,11/23/2021 11:55:24
9,Panini,353,20.00,50.00,Panini353front.JPG,Panini353front_thumb.JPG,Panini353back.JPG,Panini353back_thumb.JPG,0.00,0.00,46.75,True,0,0,8.0,True,False,False,False,False,4,12,10,2,2,11/23/2021 11:59:16
10,Upper Desk,227,40.00,100.00,UpperDesk227front.JPG,UpperDesk227front_thumb.JPG,UpperDesk227back.JPG,UpperDesk227back_thumb.JPG,0.00,0.00,63.89,True,0,0,9.0,True,False,False,False,False,4,12,21,3,2,11/23/2021 12:02:44
11,Hoops Rookie Ink,RI-CST,15.00,40.00,HoopsRookieInkRICSTfront.JPG,HoopsRookieInkRICSTfront_thumb.JPG,HoopsRookieInkRICSTback.JPG,HoopsRookieInkRICSTback_thumb.JPG,0.00,0.00,0.00,False,0,0,0.0,True,True,False,False,False,4,19,8,4,2,11/23/2021 12:06:20
12,Hoops Legends of the Game,11,6.00,15.00,HoopsLegendsoftheGame11front.JPG,HoopsLegendsoftheGame11front_thumb.JPG,HoopsLegendsoftheGame11back.JPG,HoopsLegendsoftheGame11back_thumb.JPG,0.00,0.00,0.00,False,0,699,0.0,False,False,False,False,False,4,19,8,4,2,11/23/2021 12:09:54
13,Hoops Back Stage Pass,1,50.00,12.00,HoopsBackStagePass1front.JPG,HoopsBackStagePass1front_thumb.JPG,HoopsBackStagePass1back.JPG,HoopsBackStagePass1back_thumb.JPG,0.00,0.00,0.00,False,0,0,0.0,False,False,False,False,False,4,19,8,4,2,11/23/2021 12:19:03
14,Hoops Silver,87,1.00,2.50,HoopsSilver87front.JPG,HoopsSilver87front_thumb.JPG,HoopsSilver87back.JPG,HoopsSilver87back_thumb.JPG,0.00,0.00,0.00,False,0,199,0.0,False,False,False,False,False,4,19,8,4,2,11/23/2021 12:23:19
15,Hoops High Voltage,6,12.00,30.00,HoopsHighVoltage6front.JPG,HoopsHighVoltage6front_thumb.JPG,HoopsHighVoltage6back.JPG,HoopsHighVoltage6back_thumb.JPG,0.00,0.00,0.00,False,0,0,0.0,False,False,False,False,False,4,19,8,4,2,11/23/2021 12:26:34
16,Hoops,216,4.00,10.00,Hoops216front.JPG,Hoops216front_thumb.JPG,Hoops216back.JPG,Hoops216back_thumb.JPG,0.00,0.00,0.00,False,0,0,0.0,True,False,False,False,False,4,19,8,4,7,01/15/2022 09:31:29
17,Prestige Franchise Favorites Checkerboard,16,5.00,12.00,PrestigeFranchiseFavoritesCheckerboard16front.JPG,PrestigeFranchiseFavoritesCheckerboard16front_thumb.JPG,PrestigeFranchiseFavoritesCheckerboard16back.JPG,PrestigeFranchiseFavoritesCheckerboard16back_thumb.JPG,0.00,0.00,0.00,False,0,99,0.0,False,False,False,False,False,4,16,18,4,2,11/23/2021 12:32:25
18,Hoops Rookie Sweaters,RSW-TYM,0.00,0.00,HoopsRookieSweatersRSWTYMfront.JPG,HoopsRookieSweatersRSWTYMfront_thumb.JPG,HoopsRookieSweatersRSWTYMback.JPG,HoopsRookieSweatersRSWTYMback_thumb.JPG,0.00,9.50,0.00,False,0,0,0.0,True,False,True,False,False,4,19,8,4,2,11/23/2021 12:36:34
19,Innovation Memorable Memorabilia,22,5.00,12.00,InnovationMemorableMemorabilia22front.JPG,InnovationMemorableMemorabilia22front_thumb.JPG,InnovationMemorableMemorabilia22back.JPG,InnovationMemorableMemorabilia22back_thumb.JPG,0.00,0.00,0.00,False,0,299,0.0,False,False,True,False,True,4,14,9,4,2,11/23/2021 12:43:11
20,Upper Deck LeBron James Box Set,9,0.00,0.00,UpperDeckLeBronJamesBoxSet9front.JPG,UpperDeckLeBronJamesBoxSet9front_thumb.JPG,UpperDeckLeBronJamesBoxSet9back.JPG,UpperDeckLeBronJamesBoxSet9back_thumb.JPG,0.00,9.00,0.00,False,0,0,0.0,True,False,False,False,False,4,3,21,,2,11/23/2021 12:50:42
22,Upper Deck Victory,101,40.00,100.00,UpperDeckVictory101front.JPG,UpperDeckVictory101front_thumb.JPG,UpperDeckVictory101back.JPG,UpperDeckVictory101back_thumb.JPG,0.00,0.00,0.00,False,0,0,0.0,True,False,False,False,False,4,3,22,4,2,11/23/2021 12:57:04
23,Innovation Memorable Memorabilia,24,2.50,6.00,InnovationMemorableMemorabilia24front.JPG,InnovationMemorableMemorabilia24front_thumb.JPG,InnovationMemorableMemorabilia24back.JPG,InnovationMemorableMemorabilia24back_thumb.JPG,0.00,0.00,0.00,False,0,299,0.0,False,False,True,False,True,4,14,9,4,7,01/15/2022 08:46:31
24,Panini Brilliance Game Time Jerseys,44,3.00,8.00,PaniniBrillianceGameTimeJerseys44front.JPG,PaniniBrillianceGameTimeJerseys44front_thumb.JPG,PaniniBrillianceGameTimeJerseys44back.JPG,PaniniBrillianceGameTimeJerseys44back_thumb.JPG,0.00,0.00,0.00,False,0,0,0.0,False,False,True,False,True,4,13,11,4,7,01/15/2022 08:52:47
25,Topps Manufactured Card Patch,MCP-20,0.00,0.00,ToppsManufacturedCardPatchMCP20front.JPG,ToppsManufacturedCardPatchMCP20front_thumb.JPG,ToppsManufacturedCardPatchMCP20back.JPG,ToppsManufacturedCardPatchMCP20back_thumb.JPG,2.89,0.00,0.00,False,0,0,0.0,False,False,True,False,False,5,20,2,4,7,01/15/2022 08:45:51
26,Donruss Signature Series,SG-OBS,4.00,10.00,DonrussSignatureSeriesSGOBSfront.JPG,DonrussSignatureSeriesSGOBSfront_thumb.JPG,DonrussSignatureSeriesSGOBSback.JPG,DonrussSignatureSeriesSGOBSback_thumb.JPG,0.00,0.00,0.00,False,0,0,0.0,False,True,False,False,False,4,19,4,4,7,01/15/2022 09:59:54
27,Donruss,202,10.00,25.00,Donruss202front.JPG,Donruss202front_thumb.JPG,Donruss202back.JPG,Donruss202back_thumb.JPG,0.00,0.00,0.00,False,3,0,0.0,True,False,False,False,False,4,19,4,4,7,01/15/2022 09:58:52
28,Panini Innovation Foundations Ink,79,4.00,10.00,PaniniInnovationFoundationsInk79front.JPG,PaniniInnovationFoundationsInk79front_thumb.JPG,PaniniInnovationFoundationsInk79back.JPG,PaniniInnovationFoundationsInk79back_thumb.JPG,20.15,0.00,0.00,False,0,199,0.0,False,True,False,True,False,4,14,9,4,7,01/15/2022 09:59:28
30,Innovation Rookie Jumbo Jerseys,7,15.00,40.00,InnovationRookieJumboJerseys7front.JPG,InnovationRookieJumboJerseys7front_thumb.JPG,InnovationRookieJumboJerseys7back.JPG,InnovationRookieJumboJerseys7back_thumb.JPG,0.00,0.00,0.00,False,0,199,0.0,True,False,True,False,True,4,14,9,4,7,01/15/2022 08:49:53
31,Panini Signatures Signatures Film,130,0.00,0.00,PaniniSignaturesSignaturesFilm130front.JPG,PaniniSignaturesSignaturesFilm130front_thumb.JPG,PaniniSignaturesSignaturesFilm130back.JPG,PaniniSignaturesSignaturesFilm130back_thumb.JPG,0.00,200.00,0.00,False,0,20,0.0,False,True,False,True,False,4,13,17,4,7,01/15/2022 08:50:21
32,Innovation Stained Glass,5,2.00,5.00,InnovationStainedGlass5front.JPG,InnovationStainedGlass5front_thumb.JPG,InnovationStainedGlass5back.JPG,InnovationStainedGlass5back_thumb.JPG,0.00,0.00,0.00,False,0,0,0.0,False,False,False,False,False,4,14,9,4,7,01/15/2022 09:59:14
33,Innovation Stat Line Jerseys Prime,11,10.00,25.00,InnovationStatLineJerseysPrime11front.JPG,InnovationStatLineJerseysPrime11front_thumb.JPG,InnovationStatLineJerseysPrime11back.JPG,InnovationStatLineJerseysPrime11back_thumb.JPG,0.00,0.00,0.00,False,0,25,0.0,False,False,True,False,True,4,14,9,4,7,01/15/2022 11:19:57
34,Hoops,223,10.00,25.00,Hoops223front.JPG,Hoops223front_thumb.JPG,Hoops223back.JPG,Hoops223back_thumb.JPG,0.00,0.00,0.00,False,0,0,0.0,True,False,False,False,False,4,19,8,4,7,01/15/2022 08:45:13
35,Hoops Hot Signatures,HS-VLD,4.00,10.00,HoopsHotSignaturesHSVLDfront.JPG,HoopsHotSignaturesHSVLDfront_thumb.JPG,HoopsHotSignaturesHSVLDback.JPG,HoopsHotSignaturesHSVLDback_thumb.JPG,0.00,0.00,0.00,False,0,0,0.0,False,True,False,False,False,4,19,8,4,7,01/15/2022 08:44:49
36,Hoops Green,130,15.00,40.00,HoopsGreen130front.JPG,HoopsGreen130front_thumb.JPG,HoopsGreen130back.JPG,HoopsGreen130back_thumb.JPG,0.00,0.00,0.00,False,0,99,0.0,False,False,False,False,False,4,19,8,4,7,01/15/2022 08:44:25
37,Prestige Preeminent Ink,9,3.00,8.00,PrestigePreeminentInk9front.JPG,PrestigePreeminentInk9front_thumb.JPG,PrestigePreeminentInk9back.JPG,PrestigePreeminentInk9back_thumb.JPG,0.00,0.00,0.00,False,0,149,0.0,False,True,False,False,False,4,16,18,4,7,01/15/2022 08:44:06
38,Hoops Lights Camera Action Winter,22,6.00,15.00,HoopsLightsCameraActionWinter22front.JPG,HoopsLightsCameraActionWinter22front_thumb.JPG,HoopsLightsCameraActionWinter22back.JPG,HoopsLightsCameraActionWinter22back_thumb.JPG,0.00,4.75,0.00,False,0,0,0.0,False,False,False,False,False,4,19,8,4,7,01/15/2022 08:43:40
39,Hoops Winter,150,4.00,10.00,HoopsWinter150front.JPG,HoopsWinter150front_thumb.JPG,HoopsWinter150back.JPG,HoopsWinter150back_thumb.JPG,0.00,0.00,0.00,False,0,0,0.0,False,False,False,False,False,4,19,8,4,7,01/15/2022 08:43:02
40,Hoops Lights Camera Action Winter,18,6.00,15.00,HoopsLightsCameraActionWinter18front.JPG,HoopsLightsCameraActionWinter18front_thumb.JPG,HoopsLightsCameraActionWinter18back.JPG,HoopsLightsCameraActionWinter18back_thumb.JPG,0.00,0.00,0.00,False,0,0,0.0,False,False,False,False,False,4,19,8,4,7,01/15/2022 08:42:42
41,Hoops SLAM Winter,4,12.00,30.00,HoopsSLAMWinter4front.JPG,HoopsSLAMWinter4front_thumb.JPG,HoopsSLAMWinter4back.JPG,HoopsSLAMWinter4back_thumb.JPG,0.00,0.00,0.00,False,0,0,0.0,False,False,False,False,False,4,19,8,4,7,01/15/2022 08:42:14
42,Chronicles Marquee,255,40.00,100.00,ChroniclesMarquee255front.JPG,ChroniclesMarquee255front_thumb.JPG,ChroniclesMarquee255back.JPG,ChroniclesMarquee255back_thumb.JPG,0.00,0.00,0.00,False,0,0,0.0,True,False,False,False,False,4,17,12,4,7,01/15/2022 08:54:07
43,Donruss Optic Signature Series,SG-PPR,12.00,30.00,DonrussOpticSignatureSeriesSGPPRfront.JPG,DonrussOpticSignatureSeriesSGPPRfront_thumb.JPG,DonrussOpticSignatureSeriesSGPPRback.JPG,DonrussOpticSignatureSeriesSGPPRback_thumb.JPG,0.00,0.00,0.00,False,0,0,0.0,True,True,False,False,False,4,19,4,4,7,01/15/2022 08:53:50
44,Donruss,201,6.00,15.00,Donruss201front.JPG,Donruss201front_thumb.JPG,Donruss201back.JPG,Donruss201back_thumb.JPG,0.00,0.00,0.00,False,2,0,0.0,True,False,False,False,False,4,19,4,4,2,01/15/2022 10:00:39
45,Innovation Starters,25,2.00,5.00,InnovationStarters25front.JPG,InnovationStarters25front_thumb.JPG,InnovationStarters25back.JPG,InnovationStarters25back_thumb.JPG,0.00,0.00,0.00,False,0,0,0.0,False,False,False,False,False,4,14,9,4,7,01/15/2022 10:00:19
46,Panini Signatures Film Autographs,170,12.00,30.00,PaniniSignaturesFilmAutographs170front.JPG,PaniniSignaturesFilmAutographs170front_thumb.JPG,PaniniSignaturesFilmAutographs170back.JPG,PaniniSignaturesFilmAutographs170back_thumb.JPG,0.00,0.00,0.00,False,0,0,0.0,True,True,False,True,False,4,13,17,4,2,11/24/2021 07:35:31
47,Innovation Memorable Memorabilia,49,8.00,20.00,InnovationMemorableMemorabilia49front.JPG,InnovationMemorableMemorabilia49front_thumb.JPG,InnovationMemorableMemorabilia49back.JPG,InnovationMemorableMemorabilia49back_thumb.JPG,0.00,0.00,0.00,False,0,175,0.0,False,False,True,False,True,4,14,9,4,2,11/24/2021 07:39:07
48,Innovation Memorable Memorabilia,18,4.00,10.00,InnovationMemorableMemorabilia18front.JPG,InnovationMemorableMemorabilia18front_thumb.JPG,InnovationMemorableMemorabilia18back.JPG,InnovationMemorableMemorabilia18back_thumb.JPG,0.00,0.00,0.00,False,0,299,0.0,False,False,True,False,True,4,14,9,4,7,01/15/2022 11:20:18
49,Prizm,19,2.00,5.00,Prizm19front.JPG,Prizm19front_thumb.JPG,Prizm19back.JPG,Prizm19back_thumb.JPG,0.00,0.00,0.00,False,0,0,0.0,False,False,False,False,False,4,14,16,4,2,11/24/2021 07:52:37
50,Innovation Juggernauts,12,12.00,30.00,InnovationJuggernauts12front.JPG,InnovationJuggernauts12front_thumb.JPG,InnovationJuggernauts12back.JPG,InnovationJuggernauts12back_thumb.JPG,0.00,0.00,0.00,False,2,0,0.0,False,False,False,False,False,4,14,9,4,2,11/24/2021 07:55:14
51,Panini Signatures Legends,23,10.00,25.00,PaniniSignaturesLegends23front.JPG,PaniniSignaturesLegends23front_thumb.JPG,PaniniSignaturesLegends23back.JPG,PaniniSignaturesLegends23back_thumb.JPG,0.00,0.00,0.00,False,0,25,0.0,False,False,False,False,False,4,13,17,4,2,11/24/2021 07:59:03
52,Innovation Game Jerseys Autographs Prime,48,0.00,0.00,InnovationGameJerseysAutographsPrime48front.JPG,InnovationGameJerseysAutographsPrime48front_thumb.JPG,InnovationGameJerseysAutographsPrime48back.JPG,InnovationGameJerseysAutographsPrime48back_thumb.JPG,0.00,252.00,0.00,False,0,10,0.0,False,True,True,False,True,4,14,9,4,2,11/24/2021 08:04:37
53,Topps Rookie Set,2,60.00,150.00,ToppsRookieSet2front.JPG,ToppsRookieSet2front_thumb.JPG,ToppsRookieSet2back.JPG,ToppsRookieSet2back_thumb.JPG,0.00,0.00,0.00,False,0,0,0.0,True,False,False,False,False,4,10,2,4,2,11/24/2021 08:09:26
54,Innovation Memorable Memorabilia,12,4.00,10.00,InnovationMemorableMemorabilia12front.JPG,InnovationMemorableMemorabilia12front_thumb.JPG,InnovationMemorableMemorabilia12back.JPG,InnovationMemorableMemorabilia12back_thumb.JPG,0.00,0.00,0.00,False,0,299,0.0,False,False,True,False,True,4,14,9,4,2,11/24/2021 08:29:01
55,Contenders Rookie Ticket Swatches,RS-CAN,8.00,20.00,ContendersRookieTicketSwatchesRSCANfront.JPG,ContendersRookieTicketSwatchesRSCANfront_thumb.JPG,ContendersRookieTicketSwatchesRSCANback.JPG,ContendersRookieTicketSwatchesRSCANback_thumb.JPG,0.00,0.00,0.00,False,0,0,0.0,True,False,True,False,False,4,19,14,4,2,11/24/2021 08:32:32
56,Contenders Rookie Ticket Swatches,RS-IQK,5.00,12.00,ContendersRookieTicketSwatchesRSIQKfront.JPG,ContendersRookieTicketSwatchesRSIQKfront_thumb.JPG,ContendersRookieTicketSwatchesRSIQKback.JPG,ContendersRookieTicketSwatchesRSIQKback_thumb.JPG,0.00,0.00,0.00,False,0,0,0.0,True,False,True,False,False,4,19,14,4,2,11/24/2021 08:38:31
57,Contenders Rookie of the Year Contenders,4,20.00,50.00,ContendersRookieoftheYearContenders4front.JPG,ContendersRookieoftheYearContenders4front_thumb.JPG,ContendersRookieoftheYearContenders4back.JPG,ContendersRookieoftheYearContenders4back_thumb.JPG,0.00,0.00,58.67,False,0,0,0.0,True,False,False,False,False,4,17,14,4,2,11/24/2021 08:37:49
58,Donruss Optic My House Purple,15,25.00,60.00,DonrussOpticMyHousePurple15front.JPG,DonrussOpticMyHousePurple15front_thumb.JPG,DonrussOpticMyHousePurple15back.JPG,DonrussOpticMyHousePurple15back_thumb.JPG,0.00,0.00,44.18,False,0,0,0.0,True,False,False,False,False,4,18,13,4,2,11/24/2021 08:42:02
59,Donruss Optic My House Purple,13,60.00,150.00,DonrussOpticMyHousePurple13front.JPG,DonrussOpticMyHousePurple13front_thumb.JPG,DonrussOpticMyHousePurple13back.JPG,DonrussOpticMyHousePurple13back_thumb.JPG,0.00,0.00,48.68,False,0,0,0.0,False,False,False,False,False,4,18,13,4,2,11/24/2021 08:44:15
60,Prestige NBA Materials,21,6.00,15.00,PrestigeNBAMaterials21front.JPG,PrestigeNBAMaterials21front_thumb.JPG,PrestigeNBAMaterials21back.JPG,PrestigeNBAMaterials21back_thumb.JPG,0.00,0.00,0.00,False,0,0,0.0,False,False,True,False,True,4,16,18,4,2,11/24/2021 08:46:43
61,Chronicles Gold Standard Rookie Jersey Autographs Red,GS-MWG,0.00,0.00,ChroniclesGoldStandardRookieJerseyAutographsRedGSMWGfront.JPG,ChroniclesGoldStandardRookieJerseyAutographsRedGSMWGfront_thumb.JPG,ChroniclesGoldStandardRookieJerseyAutographsRedGSMWGback.JPG,ChroniclesGoldStandardRookieJerseyAutographsRedGSMWGback_thumb.JPG,0.00,0.00,0.00,False,0,0,0.0,True,True,True,True,True,4,17,12,4,2,11/24/2021 08:52:13
62,Topps Manufactured Commemorative Patch,CP-2,0.00,0.00,ToppsManufacturedCommemorativePatchCP2front.JPG,ToppsManufacturedCommemorativePatchCP2front_thumb.JPG,ToppsManufacturedCommemorativePatchCP2back.JPG,ToppsManufacturedCommemorativePatchCP2back_thumb.JPG,12.70,0.00,0.00,False,0,0,0.0,False,False,True,False,False,4,20,2,4,2,11/24/2021 09:09:21
63,Innovation Main Exhibit Signatures,95,4.00,10.00,InnovationMainExhibitSignatures95front.JPG,InnovationMainExhibitSignatures95front_thumb.JPG,InnovationMainExhibitSignatures95back.JPG,InnovationMainExhibitSignatures95back_thumb.JPG,0.00,0.00,0.00,False,0,125,0.0,False,True,False,True,False,4,14,9,4,7,01/15/2022 08:49:27
64,Brilliance,260,6.00,15.00,Brilliance260front.JPG,Brilliance260front_thumb.JPG,Brilliance260back.JPG,Brilliance260back_thumb.JPG,0.00,0.00,0.00,False,0,0,0.0,True,False,False,False,False,4,13,11,4,2,11/24/2021 09:14:11
65,Brilliance Marks of Brilliance,95,20.00,50.00,BrillianceMarksofBrilliance95front.JPG,BrillianceMarksofBrilliance95front_thumb.JPG,BrillianceMarksofBrilliance95back.JPG,BrillianceMarksofBrilliance95back_thumb.JPG,0.00,0.00,0.00,False,0,25,0.0,False,True,False,False,False,4,13,11,4,2,11/24/2021 09:16:21
66,Signatures Legends,131,4.00,10.00,SignaturesLegends131front.JPG,SignaturesLegends131front_thumb.JPG,SignaturesLegends131back.JPG,SignaturesLegends131back_thumb.JPG,0.00,0.00,0.00,False,0,25,0.0,False,False,False,False,False,4,13,17,4,2,11/24/2021 09:29:55
67,Signatures Stars,330,15.00,40.00,SignaturesStars330front.JPG,SignaturesStars330front_thumb.JPG,SignaturesStars330back.JPG,SignaturesStars330back_thumb.JPG,0.00,0.00,0.00,False,0,25,0.0,False,False,False,False,False,4,13,17,4,2,11/24/2021 09:32:17
68,Innovation Digs and Sigs Prime,10,0.00,0.00,InnovationDigsandSigsPrime10front.JPG,InnovationDigsandSigsPrime10front_thumb.JPG,InnovationDigsandSigsPrime10back.JPG,InnovationDigsandSigsPrime10back_thumb.JPG,0.00,20.00,0.00,False,0,10,0.0,False,True,True,False,True,4,14,9,4,2,11/24/2021 09:37:02
69,Innovation Memorable Memorabilia,45,5.00,12.00,InnovationMemorableMemorabilia45front.JPG,InnovationMemorableMemorabilia45front_thumb.JPG,InnovationMemorableMemorabilia45back.JPG,InnovationMemorableMemorabilia45back_thumb.JPG,0.00,0.00,0.00,False,0,299,0.0,False,False,True,False,True,4,14,9,4,2,11/24/2021 09:42:14
70,Brilliance Brilliant Beginnings Autographs,37,150.00,400.00,BrillianceBrilliantBeginningsAutographs37front.JPG,BrillianceBrilliantBeginningsAutographs37front_thumb.JPG,BrillianceBrilliantBeginningsAutographs37back.JPG,BrillianceBrilliantBeginningsAutographs37back_thumb.JPG,0.00,0.00,0.00,False,0,0,0.0,True,True,False,False,False,4,13,11,4,2,11/24/2021 09:44:28
71,Bowman,123,400.00,800.00,Bowman123front.JPG,Bowman123front_thumb.JPG,Bowman123back.JPG,Bowman123back_thumb.JPG,0.00,0.00,0.00,False,0,0,0.0,True,False,False,False,False,4,3,3,4,2,11/24/2021 09:50:10
72,Ultra Ultra Gold Medallion,171,400.00,800.00,UltraUltraGoldMedallion171front.JPG,UltraUltraGoldMedallion171front_thumb.JPG,UltraUltraGoldMedallion171back.JPG,UltraUltraGoldMedallion171back_thumb.JPG,0.00,0.00,0.00,False,0,0,0.0,True,False,False,False,False,4,3,7,4,2,11/24/2021 09:53:16
73,Upper Deck,301,400.00,800.00,UpperDeck301front.JPG,UpperDeck301front_thumb.JPG,UpperDeck301back.JPG,UpperDeck301back_thumb.JPG,0.00,0.00,0.00,False,0,0,0.0,True,False,False,False,False,4,3,21,4,2,11/24/2021 09:57:52
74,Innovation,54,3.00,8.00,Innovation54front.JPG,Innovation54front_thumb.JPG,Innovation54back.JPG,Innovation54back_thumb.JPG,0.00,0.00,0.00,False,0,199,0.0,False,False,False,False,False,4,14,9,4,2,11/24/2021 10:00:18
75,Innovation Stained Glass,11,12.00,30.00,InnovationStainedGlass11front.JPG,InnovationStainedGlass11front_thumb.JPG,InnovationStainedGlass11back.JPG,InnovationStainedGlass11back_thumb.JPG,0.00,0.00,0.00,False,0,0,0.0,False,False,False,False,False,4,14,9,4,2,11/24/2021 10:31:26
76,Brilliance Marks of Brilliance,140,8.00,20.00,BrillianceMarksofBrilliance140front.JPG,BrillianceMarksofBrilliance140front_thumb.JPG,BrillianceMarksofBrilliance140back.JPG,BrillianceMarksofBrilliance140back_thumb.JPG,0.00,0.00,0.00,False,0,199,0.0,False,True,False,False,False,4,13,11,4,2,11/24/2021 10:33:08
77,Brilliance Brilliant Beginnings Autographs,2,3.00,8.00,BrillianceBrilliantBeginningsAutographs2front.JPG,BrillianceBrilliantBeginningsAutographs2front_thumb.JPG,BrillianceBrilliantBeginningsAutographs2back.JPG,BrillianceBrilliantBeginningsAutographs2back_thumb.JPG,0.00,0.00,0.00,False,0,0,0.0,True,True,False,False,False,4,13,11,4,2,11/24/2021 10:35:06
78,Brilliance Scorers Inc.,4,10.00,25.00,BrillianceScorersInc.JPG,BrillianceScorersInc_thumb.JPG,BrillianceScorersInc.JPG,BrillianceScorersInc_thumb.JPG,7.95,0.00,0.00,False,0,0,0.0,False,False,False,False,False,4,13,11,4,2,11/24/2021 10:39:21
79,Chronicles Pink Panini,131,3.00,8.00,ChroniclesPinkPanini131front.JPG,ChroniclesPinkPanini131front_thumb.JPG,ChroniclesPinkPanini131back.JPG,ChroniclesPinkPanini131back_thumb.JPG,0.00,0.00,0.00,False,0,0,0.0,True,False,False,False,False,4,17,12,4,2,11/24/2021 10:38:26
80,Chronicles,94,2.50,6.00,Chronicles94front.JPG,Chronicles94front_thumb.JPG,Chronicles94back.JPG,Chronicles94back_thumb.JPG,0.00,0.00,0.00,False,0,0,0.0,True,False,False,False,False,4,17,12,4,2,11/24/2021 10:41:09
81,Topps Manufactured Card Patch,MCP-9,0.00,0.00,ToppsManufacturedCardPatchMCP9front.JPG,ToppsManufacturedCardPatchMCP9front_thumb.JPG,ToppsManufacturedCardPatchMCP9back.JPG,ToppsManufacturedCardPatchMCP9back_thumb.JPG,7.90,0.00,0.00,False,0,0,0.0,False,False,True,False,False,5,20,2,4,2,11/24/2021 10:44:13
82,Innovation Top-Notch Autographs,63,4.00,10.00,InnovationTopNotchAutographs63front.JPG,InnovationTopNotchAutographs63front_thumb.JPG,InnovationTopNotchAutographs63back.JPG,InnovationTopNotchAutographs63back_thumb.JPG,0.00,0.00,0.00,False,0,0,0.0,False,True,False,False,False,4,14,9,4,2,11/24/2021 10:46:22
83,Donruss Optic Pink Hyper Prizm,16,5.00,12.00,DonrussOpticPinkHyperPrizm16front.JPG,DonrussOpticPinkHyperPrizm16front_thumb.JPG,DonrussOpticPinkHyperPrizm16back.JPG,DonrussOpticPinkHyperPrizm16back_thumb.JPG,14.48,0.00,0.00,False,0,0,0.0,False,False,False,False,False,4,18,13,4,2,11/24/2021 10:48:43
84,Hoops,4,1.25,3.00,Hoops4front.JPG,Hoops4front_thumb.JPG,Hoops4back.JPG,Hoops4back_thumb.JPG,0.00,0.00,0.00,False,0,0,0.0,False,False,False,False,False,4,17,8,4,2,11/24/2021 10:50:56
85,Mosaic Silver Prizm MVPs,297,50.00,120.00,MosaicSilverPrizmMVPs297front.JPG,MosaicSilverPrizmMVPs297front_thumb.JPG,MosaicSilverPrizmMVPs297back.JPG,MosaicSilverPrizmMVPs297back_thumb.JPG,22.25,0.00,0.00,False,0,0,0.0,False,False,False,False,False,4,18,15,4,2,11/24/2021 10:54:01
86,Prizm Hyper Prizm,296,4.00,10.00,PrizmHyperPrizm296front.JPG,PrizmHyperPrizm296front_thumb.JPG,PrizmHyperPrizm296back.JPG,PrizmHyperPrizm296back_thumb.JPG,6.65,0.00,0.00,False,0,0,0.0,False,False,False,False,False,4,17,16,4,2,11/24/2021 10:55:35
87,Brilliance,288,40.00,100.00,Brilliance288front.JPG,Brilliance288front_thumb.JPG,Brilliance288back.JPG,Brilliance288back_thumb.JPG,0.00,0.00,0.00,False,3,0,0.0,True,False,False,False,False,4,13,11,4,7,01/15/2022 08:52:00
88,Brilliance,234,25.00,60.00,Brilliance234front.JPG,Brilliance234front_thumb.JPG,Brilliance234back.JPG,Brilliance234back_thumb.JPG,0.00,0.00,0.00,False,2,0,0.0,True,False,False,False,False,4,13,11,4,7,01/15/2022 08:51:40
89,Topps,115,8.00,20.00,Topps115front.JPG,Topps115front_thumb.JPG,Topps115back.JPG,Topps115back_thumb.JPG,0.00,0.00,0.00,False,0,0,0.0,True,False,False,False,False,4,8,2,4,2,11/24/2021 11:02:34
90,Prestige Prestigious Premieres Signatures,PPS-KA,75.00,200.00,PrestigePrestigiousPremieresSignaturesPPSKAfront.JPG,PrestigePrestigiousPremieresSignaturesPPSKAfront_thumb.JPG,PrestigePrestigiousPremieresSignaturesPPSKAback.JPG,PrestigePrestigiousPremieresSignaturesPPSKAback_thumb.JPG,285.94,0.00,0.00,False,0,299,0.0,True,True,False,True,False,4,16,18,4,2,11/27/2021 09:43:15
91,Upper Deck LeBron James Box Set,26,8.00,20.00,UpperDeckLeBronJamesBoxSet26front.JPG,UpperDeckLeBronJamesBoxSet26front_thumb.JPG,UpperDeckLeBronJamesBoxSet26back.JPG,UpperDeckLeBronJamesBoxSet26back_thumb.JPG,0.00,0.00,0.00,True,0,0,10.0,True,False,False,False,False,4,3,21,5,2,11/24/2021 11:24:25
92,Upper Deck LeBron James Box Set,28,8.00,20.00,UpperDeckLeBronJamesBoxSet28front.JPG,UpperDeckLeBronJamesBoxSet28front_thumb.JPG,UpperDeckLeBronJamesBoxSet28back.JPG,UpperDeckLeBronJamesBoxSet28back_thumb.JPG,0.00,0.00,0.00,True,0,0,10.0,True,False,True,False,True,4,3,21,5,2,11/24/2021 11:22:48
93,Upper Deck LeBron James Box Set,11,8.00,20.00,UpperDeckLeBronJamesBoxSet11front.JPG,UpperDeckLeBronJamesBoxSet11front_thumb.JPG,UpperDeckLeBronJamesBoxSet11back.JPG,UpperDeckLeBronJamesBoxSet11back_thumb.JPG,0.00,0.00,0.00,True,0,0,10.0,True,False,False,False,False,4,3,21,5,2,11/24/2021 11:23:08
94,Upper Deck LeBron James Box Set,14,8.00,20.00,UpperDeckLeBronJamesBoxSet14front.JPG,UpperDeckLeBronJamesBoxSet14front_thumb.JPG,UpperDeckLeBronJamesBoxSet14back.JPG,UpperDeckLeBronJamesBoxSet14back_thumb.JPG,0.00,0.00,0.00,True,0,0,10.0,True,False,False,False,False,4,3,21,5,2,11/24/2021 11:23:23
95,Prestige Starting 5,4,5.00,12.00,PrestigeStarting54front.JPG,PrestigeStarting54front_thumb.JPG,PrestigeStarting54back.JPG,PrestigeStarting54back_thumb.JPG,55.00,0.00,0.00,True,0,0,10.0,True,False,False,False,False,4,13,18,5,2,11/24/2021 11:20:56
96,Fleer,204,12.00,30.00,Fleer204front.JPG,Fleer204front_thumb.JPG,Fleer204back.JPG,Fleer204back_thumb.JPG,1.26,0.00,0.00,True,0,0,10.0,True,False,False,False,False,4,11,5,5,2,11/24/2021 11:27:42
97,Rookie Review,6,0.00,0.00,RookieReview6front.JPG,RookieReview6front_thumb.JPG,RookieReview6back.JPG,RookieReview6back_thumb.JPG,0.00,13.00,0.00,True,0,0,10.0,True,False,False,False,False,4,9,19,6,2,11/24/2021 11:29:28
98,Signatures,22,0.00,0.00,Signatures22front.JPG,Signatures22front_thumb.JPG,Signatures22back.JPG,Signatures22back_thumb.JPG,0.00,5.00,0.00,False,0,0,0.0,False,True,False,True,False,4,13,17,4,4,11/25/2021 09:36:16
99,Signatures Stars,81,3.00,8.00,SignaturesStars81front.JPG,SignaturesStars81front_thumb.JPG,SignaturesStars81back.JPG,SignaturesStars81back_thumb.JPG,0.00,0.00,0.00,False,0,25,0.0,False,False,False,False,False,4,13,17,4,4,11/25/2021 09:38:53
100,Signatures Film Autographs,87,0.00,0.00,SignaturesFilmAutographs87front.JPG,SignaturesFilmAutographs87front_thumb.JPG,SignaturesFilmAutographs87back.JPG,SignaturesFilmAutographs87back_thumb.JPG,0.00,30.00,0.00,False,0,10,0.0,False,True,False,True,False,4,13,17,4,4,11/25/2021 09:42:51
101,Signatures Red,62,3.00,8.00,SignaturesRed62front.JPG,SignaturesRed62front_thumb.JPG,SignaturesRed62back.JPG,SignaturesRed62back_thumb.JPG,0.00,0.00,0.00,False,0,49,0.0,True,True,False,False,False,4,13,17,4,4,11/25/2021 09:46:08
102,Signatures,56,0.00,0.00,Signatures56front.JPG,Signatures56front_thumb.JPG,Signatures56back.JPG,Signatures56back_thumb.JPG,0.00,1.50,0.00,False,0,0,0.0,True,True,False,True,False,4,13,17,4,4,11/25/2021 09:49:37
103,Brilliance Team Tomorrow,19,15.00,40.00,BrillianceTeamTomorrow19front.JPG,BrillianceTeamTomorrow19front_thumb.JPG,BrillianceTeamTomorrow19back.JPG,BrillianceTeamTomorrow19back_thumb.JPG,0.00,0.00,0.00,False,2,0,0.0,True,False,False,False,False,4,13,11,4,4,11/26/2021 09:40:37
104,Signatures Rookies,141,1.25,3.00,SignaturesRookies141front.JPG,SignaturesRookies141front_thumb.JPG,SignaturesRookies141back.JPG,SignaturesRookies141back_thumb.JPG,0.00,0.00,0.00,False,0,25,0.0,True,False,False,False,False,4,13,17,4,4,11/25/2021 09:55:01
105,Signatures Rookies,61,1.50,4.00,SignaturesRookies61front.JPG,SignaturesRookies61front_thumb.JPG,SignaturesRookies61back.JPG,SignaturesRookies61back_thumb.JPG,0.00,0.00,0.00,False,0,25,0.0,True,False,False,False,False,4,13,17,4,4,11/25/2021 09:57:51
106,Signatures Stars,211,4.00,10.00,SignaturesStars211front.JPG,SignaturesStars211front_thumb.JPG,SignaturesStars211back.JPG,SignaturesStars211back_thumb.JPG,0.00,0.00,0.00,False,0,25,0.0,False,False,False,False,False,4,13,17,4,4,11/25/2021 10:00:25
107,Signatures Film Autographs Red,52,0.00,0.00,SignaturesFilmAutographsRed52front.JPG,SignaturesFilmAutographsRed52front_thumb.JPG,SignaturesFilmAutographsRed52back.JPG,SignaturesFilmAutographsRed52back_thumb.JPG,0.00,5.00,0.00,False,0,5,0.0,False,True,False,True,False,4,13,17,4,4,11/26/2021 09:20:36
108,Brilliance Springfield,15,0.60,1.50,BrillianceSpringfield15front.JPG,BrillianceSpringfield15front_thumb.JPG,BrillianceSpringfield15back.JPG,BrillianceSpringfield15back_thumb.JPG,0.00,0.00,0.00,False,0,0,0.0,False,False,False,False,False,4,13,11,4,4,11/25/2021 10:05:51
109,Brilliance Brilliant Beginnings Autographs,4,3.00,8.00,BrillianceBrilliantBeginningsAutographs4front.JPG,BrillianceBrilliantBeginningsAutographs4front_thumb.JPG,BrillianceBrilliantBeginningsAutographs4back.JPG,BrillianceBrilliantBeginningsAutographs4back_thumb.JPG,0.00,0.00,0.00,False,0,0,0.0,True,True,False,False,False,4,13,11,4,4,11/25/2021 10:08:19
110,Brilliance Scorers Inc.,1,1.25,3.00,BrillianceScorersInc.JPG,BrillianceScorersInc_thumb.JPG,BrillianceScorersInc.JPG,BrillianceScorersInc_thumb.JPG,0.00,0.00,0.00,False,0,0,0.0,False,False,False,False,False,4,13,11,4,4,11/25/2021 10:11:57
111,Brilliance Accolades,3,1.25,3.00,BrillianceAccolades3front.JPG,BrillianceAccolades3front_thumb.JPG,BrillianceAccolades3back.JPG,BrillianceAccolades3back_thumb.JPG,0.00,0.00,0.00,False,0,0,0.0,False,False,False,False,False,4,13,11,4,4,11/25/2021 10:14:03
112,Brilliance Scorers Inc.,3,1.00,2.50,BrillianceScorersInc.JPG,BrillianceScorersInc_thumb.JPG,BrillianceScorersInc.JPG,BrillianceScorersInc_thumb.JPG,0.00,0.00,0.00,False,0,0,0.0,False,False,False,False,False,4,13,11,4,4,11/25/2021 10:22:41
113,Brilliance Spellbound,97,0.75,2.00,BrillianceSpellbound97front.JPG,BrillianceSpellbound97front_thumb.JPG,BrillianceSpellbound97back.JPG,BrillianceSpellbound97back_thumb.JPG,0.00,0.00,0.00,False,0,0,0.0,False,False,False,False,False,4,13,11,4,4,11/25/2021 10:25:10
114,Brilliance Accolades,7,6.00,15.00,BrillianceAccolades7front.JPG,BrillianceAccolades7front_thumb.JPG,BrillianceAccolades7back.JPG,BrillianceAccolades7back_thumb.JPG,0.00,0.00,0.00,False,0,0,0.0,False,False,False,False,False,4,13,11,4,4,11/26/2021 09:23:22
115,Brilliance,219,0.75,2.00,Brilliance219front.JPG,Brilliance219front_thumb.JPG,Brilliance219back.JPG,Brilliance219back_thumb.JPG,0.00,0.00,0.00,False,0,0,0.0,False,False,False,False,False,4,13,11,4,4,11/26/2021 09:25:16
116,Brilliance Springfield,21,0.00,0.00,BrillianceSpringfield21front.JPG,BrillianceSpringfield21front_thumb.JPG,BrillianceSpringfield21back.JPG,BrillianceSpringfield21back_thumb.JPG,0.00,0.00,0.00,False,0,0,0.0,False,False,False,False,False,4,13,11,4,4,11/26/2021 09:27:34
117,Brilliance Scorers Inc.,20,12.00,30.00,BrillianceScorersInc.JPG,BrillianceScorersInc_thumb.JPG,BrillianceScorersInc.JPG,BrillianceScorersInc_thumb.JPG,0.00,0.00,0.00,False,0,0,0.0,True,False,False,False,False,4,13,11,4,4,11/26/2021 09:29:48
118,Brilliance Magic Numbers,1,6.00,15.00,BrillianceMagicNumbers1front.JPG,BrillianceMagicNumbers1front_thumb.JPG,BrillianceMagicNumbers1back.JPG,BrillianceMagicNumbers1back_thumb.JPG,0.00,0.00,0.00,False,0,0,0.0,False,False,False,False,False,4,13,11,4,4,11/26/2021 09:31:42
119,Brilliance,218,0.50,1.25,Brilliance218front.JPG,Brilliance218front_thumb.JPG,Brilliance218back.JPG,Brilliance218back_thumb.JPG,0.00,0.00,0.00,False,0,0,0.0,False,False,False,False,False,4,13,11,4,4,11/26/2021 09:33:38
120,Innovation Top Notch Autographs,1,3.00,8.00,InnovationTopNotchAutographs1front.JPG,InnovationTopNotchAutographs1front_thumb.JPG,InnovationTopNotchAutographs1back.JPG,InnovationTopNotchAutographs1back_thumb.JPG,0.00,0.00,0.00,False,0,325,0.0,False,True,False,False,False,4,14,9,4,4,11/26/2021 09:37:33
121,Innovation Stained Glass,60,1.25,3.00,InnovationStainedGlass60front.JPG,InnovationStainedGlass60front_thumb.JPG,InnovationStainedGlass60back.JPG,InnovationStainedGlass60back_thumb.JPG,0.00,0.00,0.00,False,0,0,0.0,False,False,False,False,False,4,14,9,4,4,11/26/2021 09:40:10
122,Brilliance Accolades,4,1.50,4.00,BrillianceAccolades4front.JPG,BrillianceAccolades4front_thumb.JPG,BrillianceAccolades4back.JPG,BrillianceAccolades4back_thumb.JPG,0.00,0.00,0.00,False,0,0,0.0,False,False,False,False,False,4,13,11,4,4,11/26/2021 09:44:28
123,Brilliance Spellbound,18,3.00,8.00,BrillianceSpellbound18front.JPG,BrillianceSpellbound18front_thumb.JPG,BrillianceSpellbound18back.JPG,BrillianceSpellbound18back_thumb.JPG,0.00,0.00,0.00,False,0,0,0.0,False,False,False,False,False,4,13,11,4,4,11/26/2021 09:46:52
124,Brilliance Magic Numbers,2,0.75,2.00,BrillianceMagicNumbers2front.JPG,BrillianceMagicNumbers2front_thumb.JPG,BrillianceMagicNumbers2back.JPG,BrillianceMagicNumbers2back_thumb.JPG,0.00,0.00,0.00,False,0,0,0.0,False,False,False,False,False,4,13,11,4,4,11/26/2021 09:49:04
125,Signatures Die Cut Autographs,56,0.00,0.00,SignaturesDieCutAutographs56front.JPG,SignaturesDieCutAutographs56front_thumb.JPG,SignaturesDieCutAutographs56back.JPG,SignaturesDieCutAutographs56back_thumb.JPG,0.00,0.00,0.00,False,0,0,0.0,True,True,False,True,False,4,13,9,4,7,01/15/2022 08:52:29
126,Signatures Film Autographs,163,0.00,0.00,SignaturesFilmAutographs163front.JPG,SignaturesFilmAutographs163front_thumb.JPG,SignaturesFilmAutographs163back.JPG,SignaturesFilmAutographs163back_thumb.JPG,0.00,20.00,0.00,False,0,10,0.0,True,True,False,True,False,4,13,17,4,4,11/26/2021 10:05:52
127,Signatures,38,3.00,8.00,Signatures38front.JPG,Signatures38front_thumb.JPG,Signatures38back.JPG,Signatures38back_thumb.JPG,0.00,0.00,0.00,False,0,0,0.0,True,True,False,False,False,4,13,17,4,7,01/15/2022 08:51:22
128,Signatures,98,3.00,8.00,Signatures98front.JPG,Signatures98front_thumb.JPG,Signatures98back.JPG,Signatures98back_thumb.JPG,0.00,0.00,0.00,False,0,0,0.0,False,True,False,True,False,4,13,17,4,4,11/26/2021 10:25:16
129,Signatures Die Cut Autographs,62,3.00,8.00,SignaturesDieCutAutographs62front.JPG,SignaturesDieCutAutographs62front_thumb.JPG,SignaturesDieCutAutographs62back.JPG,SignaturesDieCutAutographs62back_thumb.JPG,0.00,0.00,0.00,False,0,0,0.0,False,True,False,False,False,4,13,17,4,4,11/26/2021 10:27:53
130,Signatures Film Autographs Green,66,0.00,0.00,SignaturesFilmAutographsGreen66front.JPG,SignaturesFilmAutographsGreen66front_thumb.JPG,SignaturesFilmAutographsGreen66back.JPG,SignaturesFilmAutographsGreen66back_thumb.JPG,0.00,0.00,0.00,False,0,3,0.0,False,True,False,True,False,4,13,17,4,4,11/26/2021 10:34:01
131,Signatures Die Cut Autographs Green,59,0.00,0.00,SignaturesDieCutAutographsGreen59front.JPG,SignaturesDieCutAutographsGreen59front_thumb.JPG,SignaturesDieCutAutographsGreen59back.JPG,SignaturesDieCutAutographsGreen59back_thumb.JPG,0.00,0.00,0.00,False,0,5,0.0,False,True,False,True,False,4,13,17,4,4,11/26/2021 10:39:23
132,Signatures Stars,331,2.00,5.00,SignaturesStars331front.JPG,SignaturesStars331front_thumb.JPG,SignaturesStars331back.JPG,SignaturesStars331back_thumb.JPG,0.00,0.00,0.00,False,0,25,0.0,False,False,False,False,False,4,13,17,4,4,11/26/2021 10:42:22
133,Signatures,96,3.00,8.00,Signatures96front.JPG,Signatures96front_thumb.JPG,Signatures96back.JPG,Signatures96back_thumb.JPG,0.00,0.00,0.00,False,0,0,0.0,False,True,False,False,False,4,13,17,4,4,11/26/2021 10:44:36
134,Signatures Die Cut Autographs,46,3.00,8.00,SignaturesDieCutAutographs46front.JPG,SignaturesDieCutAutographs46front_thumb.JPG,SignaturesDieCutAutographs46back.JPG,SignaturesDieCutAutographs46back_thumb.JPG,0.00,0.00,0.00,False,0,0,0.0,True,True,False,False,False,4,13,17,4,4,11/26/2021 10:47:33
135,Signatures,74,0.00,0.00,Signatures74front.JPG,Signatures74front_thumb.JPG,Signatures74back.JPG,Signatures74back_thumb.JPG,3.00,8.00,0.00,False,0,0,0.0,False,True,False,True,False,4,13,17,4,4,11/26/2021 10:49:52
136,Brilliance Springfield,14,1.25,3.00,BrillianceSpringfield14front.JPG,BrillianceSpringfield14front_thumb.JPG,BrillianceSpringfield14back.JPG,BrillianceSpringfield14back_thumb.JPG,0.00,0.00,0.00,False,0,0,0.0,False,False,False,False,False,4,13,11,4,4,11/26/2021 10:52:43
137,Innovation Foundations Ink,30,3.00,8.00,InnovationFoundationsInk30front.JPG,InnovationFoundationsInk30front_thumb.JPG,InnovationFoundationsInk30back.JPG,InnovationFoundationsInk30back_thumb.JPG,0.00,0.00,0.00,False,0,199,0.0,False,True,False,True,False,4,14,9,4,4,11/26/2021 10:55:05
138,Innovation Rookie Jumbo Jerseys,14,3.00,8.00,InnovationRookieJumboJerseys14front.JPG,InnovationRookieJumboJerseys14front_thumb.JPG,InnovationRookieJumboJerseys14back.JPG,InnovationRookieJumboJerseys14back_thumb.JPG,0.00,0.00,0.00,False,0,199,0.0,True,False,True,False,True,4,14,9,4,7,01/15/2022 08:51:01
139,Innovation,73,1.50,4.00,Innovation73front.JPG,Innovation73front_thumb.JPG,Innovation73back.JPG,Innovation73back_thumb.JPG,0.00,0.00,0.00,False,0,199,0.0,False,False,False,False,False,4,14,9,4,3,11/26/2021 11:14:04
140,Innovation All Rookies,5,1.50,4.00,InnovationAllRookies5front.JPG,InnovationAllRookies5front_thumb.JPG,InnovationAllRookies5back.JPG,InnovationAllRookies5back_thumb.JPG,0.00,0.00,0.00,False,0,0,0.0,True,False,False,False,False,4,14,9,4,3,11/26/2021 11:16:24
141,Innovation,27,3.00,8.00,Innovation27front.JPG,Innovation27front_thumb.JPG,Innovation27back.JPG,Innovation27back_thumb.JPG,0.00,0.00,0.00,False,0,199,0.0,False,False,False,False,False,4,14,9,4,3,11/26/2021 11:18:32
142,Innovation Rookie Jumbo Jerseys,8,3.00,8.00,InnovationRookieJumboJerseys8front.JPG,InnovationRookieJumboJerseys8front_thumb.JPG,InnovationRookieJumboJerseys8back.JPG,InnovationRookieJumboJerseys8back_thumb.JPG,0.00,0.00,0.00,False,0,199,0.0,True,False,True,False,True,4,14,9,4,7,01/15/2022 08:50:42
143,Brilliance,98,2.50,6.00,Brilliance98front.JPG,Brilliance98front_thumb.JPG,Brilliance98back.JPG,Brilliance98back_thumb.JPG,0.00,0.00,0.00,False,2,0,0.0,False,False,False,False,False,4,13,11,4,3,11/26/2021 12:42:30
144,Innovation,10,1.50,4.00,Innovation10front.JPG,Innovation10front_thumb.JPG,Innovation10back.JPG,Innovation10back_thumb.JPG,0.00,0.00,0.00,False,0,199,0.0,False,False,False,False,False,4,14,9,4,3,11/26/2021 12:32:52
145,Innovation,65,1.25,3.00,Innovation65front.JPG,Innovation65front_thumb.JPG,Innovation65back.JPG,Innovation65back_thumb.JPG,0.00,0.00,0.00,False,0,199,0.0,False,False,False,False,False,4,14,9,4,3,11/26/2021 12:34:57
146,Innovation Stained Glass,16,1.25,3.00,InnovationStainedGlass16front.JPG,InnovationStainedGlass16front_thumb.JPG,InnovationStainedGlass16back.JPG,InnovationStainedGlass16back_thumb.JPG,0.00,0.00,0.00,False,0,0,0.0,False,False,False,False,False,4,14,9,4,3,11/26/2021 12:37:13
147,Innovation,44,1.50,4.00,Innovation44front.JPG,Innovation44front_thumb.JPG,Innovation44back.JPG,Innovation44back_thumb.JPG,0.00,0.00,0.00,False,0,199,0.0,False,False,False,False,False,4,14,9,4,3,11/26/2021 12:39:24
148,Innovation Top Notch Autographs,10,0.00,0.00,InnovationTopNotchAutographs10front.JPG,InnovationTopNotchAutographs10front_thumb.JPG,InnovationTopNotchAutographs10back.JPG,InnovationTopNotchAutographs10back_thumb.JPG,3.00,8.00,0.00,False,0,225,0.0,False,True,False,False,False,4,14,9,4,3,11/26/2021 12:41:35
149,Innovation Foundations Ink,61,3.00,8.00,InnovationFoundationsInk61front.JPG,InnovationFoundationsInk61front_thumb.JPG,InnovationFoundationsInk61back.JPG,InnovationFoundationsInk61back_thumb.JPG,0.00,0.00,0.00,False,0,199,0.0,False,True,False,True,False,4,14,9,4,3,11/26/2021 12:45:50
150,Innovation Stained Glass,21,1.25,3.00,InnovationStainedGlass21front.JPG,InnovationStainedGlass21front_thumb.JPG,InnovationStainedGlass21back.JPG,InnovationStainedGlass21back_thumb.JPG,0.00,0.00,0.00,False,0,0,0.0,False,False,False,False,False,4,14,9,4,3,11/26/2021 12:48:26
151,Innovation Blue,25,0.00,0.00,InnovationBlue25front.JPG,InnovationBlue25front_thumb.JPG,InnovationBlue25back.JPG,InnovationBlue25back_thumb.JPG,3.00,8.00,0.00,False,0,25,0.0,False,False,False,False,False,4,14,9,4,3,11/26/2021 12:52:20
152,Innovation,66,2.50,6.00,Innovation66front.JPG,Innovation66front_thumb.JPG,Innovation66back.JPG,Innovation66back_thumb.JPG,0.00,0.00,0.00,False,0,199,0.0,False,False,False,False,False,4,14,9,4,3,11/26/2021 12:51:44
153,Innovation Stained Glass,74,1.25,3.00,InnovationStainedGlass74front.JPG,InnovationStainedGlass74front_thumb.JPG,InnovationStainedGlass74back.JPG,InnovationStainedGlass74back_thumb.JPG,0.00,0.00,0.00,False,0,0,0.0,False,False,False,False,False,4,14,9,4,3,11/26/2021 12:54:18
154,Innovation Foundations Ink,58,3.00,8.00,InnovationFoundationsInk58front.JPG,InnovationFoundationsInk58front_thumb.JPG,InnovationFoundationsInk58back.JPG,InnovationFoundationsInk58back_thumb.JPG,0.00,0.00,0.00,False,0,199,0.0,False,True,False,True,False,4,14,9,4,7,01/15/2022 08:48:45
155,Innovation Blue,73,4.00,10.00,InnovationBlue73front.JPG,InnovationBlue73front_thumb.JPG,InnovationBlue73back.JPG,InnovationBlue73back_thumb.JPG,0.00,0.00,0.00,False,0,25,0.0,False,False,False,False,False,4,14,9,4,3,11/26/2021 14:30:10
156,Innovation Juggernauts,11,1.25,3.00,InnovationJuggernauts11front.JPG,InnovationJuggernauts11front_thumb.JPG,InnovationJuggernauts11back.JPG,InnovationJuggernauts11back_thumb.JPG,0.00,0.00,0.00,False,0,0,0.0,False,False,False,False,False,4,14,9,4,3,11/26/2021 14:32:29
157,Innovation All Rookies,15,4.00,10.00,InnovationAllRookies15front.JPG,InnovationAllRookies15front_thumb.JPG,InnovationAllRookies15back.JPG,InnovationAllRookies15back_thumb.JPG,0.00,0.00,0.00,False,0,0,0.0,True,False,False,False,False,4,14,9,4,3,11/26/2021 14:34:29
158,Innovation Top Notch Autographs,33,3.00,8.00,InnovationTopNotchAutographs33front.JPG,InnovationTopNotchAutographs33front_thumb.JPG,InnovationTopNotchAutographs33back.JPG,InnovationTopNotchAutographs33back_thumb.JPG,0.00,0.00,0.00,False,0,325,0.0,False,True,False,False,False,4,14,9,4,3,11/26/2021 14:36:29
159,Innovation,34,2.00,5.00,Innovation34front.JPG,Innovation34front_thumb.JPG,Innovation34back.JPG,Innovation34back_thumb.JPG,0.00,0.00,0.00,False,0,199,0.0,False,False,False,False,False,4,14,9,4,3,11/26/2021 14:38:07
160,Innovation Stained Glass,61,1.25,3.00,InnovationStainedGlass61front.JPG,InnovationStainedGlass61front_thumb.JPG,InnovationStainedGlass61back.JPG,InnovationStainedGlass61back_thumb.JPG,0.00,0.00,0.00,False,0,0,0.0,False,False,False,False,False,4,14,9,4,3,11/26/2021 14:40:06
161,Innovation Game Jerseys Autographs,33,5.00,12.00,InnovationGameJerseysAutographs33front.JPG,InnovationGameJerseysAutographs33front_thumb.JPG,InnovationGameJerseysAutographs33back.JPG,InnovationGameJerseysAutographs33back_thumb.JPG,0.00,0.00,0.00,False,0,199,0.0,False,True,True,False,True,4,14,9,4,7,01/15/2022 08:48:23
162,Innovation Rookie Stained Glass,16,8.00,20.00,InnovationRookieStainedGlass16front.JPG,InnovationRookieStainedGlass16front_thumb.JPG,InnovationRookieStainedGlass16back.JPG,InnovationRookieStainedGlass16back_thumb.JPG,0.00,0.00,0.00,False,0,0,0.0,True,False,False,False,False,4,14,9,4,3,11/26/2021 15:02:19
163,Innovation Stained Glass,29,1.25,3.00,InnovationStainedGlass29front.JPG,InnovationStainedGlass29front_thumb.JPG,InnovationStainedGlass29back.JPG,InnovationStainedGlass29back_thumb.JPG,0.00,0.00,0.00,False,0,0,0.0,False,False,False,False,False,4,14,9,4,3,11/26/2021 15:04:01
164,Prizm Jerseys Prizms Blue Mojo,79,2.50,6.00,PrizmJerseysPrizmsBlueMojo79front.JPG,PrizmJerseysPrizmsBlueMojo79front_thumb.JPG,PrizmJerseysPrizmsBlueMojo79back.JPG,PrizmJerseysPrizmsBlueMojo79back_thumb.JPG,0.00,0.00,0.00,False,0,0,0.0,True,False,True,False,True,4,15,16,4,7,01/15/2022 08:47:46
165,Innovation Starters,23,2.00,5.00,InnovationStarters23front.JPG,InnovationStarters23front_thumb.JPG,InnovationStarters23back.JPG,InnovationStarters23back_thumb.JPG,0.00,0.00,0.00,False,0,0,0.0,False,False,False,False,False,4,14,9,4,3,11/26/2021 15:11:08
166,Brilliance Game Time Jerseys,65,2.00,5.00,BrillianceGameTimeJerseys65front.JPG,BrillianceGameTimeJerseys65front_thumb.JPG,BrillianceGameTimeJerseys65back.JPG,BrillianceGameTimeJerseys65back_thumb.JPG,0.00,0.00,0.00,False,0,0,0.0,False,False,True,False,True,4,13,11,4,7,01/15/2022 08:48:04
167,Brilliance Springfield,23,1.25,3.00,BrillianceSpringfield23front.JPG,BrillianceSpringfield23front_thumb.JPG,BrillianceSpringfield23back.JPG,BrillianceSpringfield23back_thumb.JPG,0.00,0.00,0.00,False,0,0,0.0,False,False,False,False,False,4,13,11,4,3,11/26/2021 15:16:54
168,Brilliance,2,1.25,3.00,Brilliance2front.JPG,Brilliance2front_thumb.JPG,Brilliance2back.JPG,Brilliance2back_thumb.JPG,0.00,0.00,0.00,False,0,0,0.0,False,False,False,False,False,4,13,11,4,3,11/26/2021 15:18:54
169,Brilliance Game Time Jerseys,5,2.50,6.00,BrillianceGameTimeJerseys5front.JPG,BrillianceGameTimeJerseys5front_thumb.JPG,BrillianceGameTimeJerseys5back.JPG,BrillianceGameTimeJerseys5back_thumb.JPG,0.00,0.00,0.00,False,0,0,0.0,False,False,True,False,True,4,13,11,4,7,01/15/2022 08:47:27
170,Brilliance Springfield,6,1.25,3.00,BrillianceSpringfield6front.JPG,BrillianceSpringfield6front_thumb.JPG,BrillianceSpringfield6back.JPG,BrillianceSpringfield6back_thumb.JPG,0.00,0.00,0.00,False,0,0,0.0,False,False,False,False,False,4,13,11,4,3,11/26/2021 15:24:51
171,Brilliance Spellbound,75,1.00,2.50,BrillianceSpellbound75front.JPG,BrillianceSpellbound75front_thumb.JPG,BrillianceSpellbound75back.JPG,BrillianceSpellbound75back_thumb.JPG,0.00,0.00,0.00,False,0,0,0.0,False,False,False,False,False,4,13,11,4,3,11/26/2021 15:26:53
172,Brilliance Spellbound,8,1.50,4.00,BrillianceSpellbound8front.JPG,BrillianceSpellbound8front_thumb.JPG,BrillianceSpellbound8back.JPG,BrillianceSpellbound8back_thumb.JPG,0.00,0.00,0.00,False,0,0,0.0,False,False,False,False,False,4,13,11,4,3,11/26/2021 15:28:28
173,Brilliance Spellbound,32,0.75,2.00,BrillianceSpellbound32front.JPG,BrillianceSpellbound32front_thumb.JPG,BrillianceSpellbound32back.JPG,BrillianceSpellbound32back_thumb.JPG,0.00,0.00,0.00,False,0,0,0.0,False,False,False,False,False,4,13,11,4,3,11/26/2021 15:30:09
174,Innovation Top Notch Autographs,83,4.00,10.00,InnovationTopNotchAutographs83front.JPG,InnovationTopNotchAutographs83front_thumb.JPG,InnovationTopNotchAutographs83back.JPG,InnovationTopNotchAutographs83back_thumb.JPG,0.00,0.00,0.00,False,0,325,0.0,False,True,False,False,False,4,14,9,4,7,01/15/2022 08:47:07
175,Chronicles Playoff,177,1.00,2.50,ChroniclesPlayoff177front.JPG,ChroniclesPlayoff177front_thumb.JPG,ChroniclesPlayoff177back.JPG,ChroniclesPlayoff177back_thumb.JPG,0.00,0.00,0.00,False,0,0,0.0,True,False,False,False,False,4,17,12,4,5,11/27/2021 07:24:17
176,Chronicles Pink,57,1.50,4.00,ChroniclesPink57front.JPG,ChroniclesPink57front_thumb.JPG,ChroniclesPink57back.JPG,ChroniclesPink57back_thumb.JPG,0.00,0.00,0.00,False,0,0,0.0,False,False,False,False,False,4,17,12,4,5,11/27/2021 07:26:38
177,Chronicles Essentials,216,1.25,3.00,ChroniclesEssentials216front.JPG,ChroniclesEssentials216front_thumb.JPG,ChroniclesEssentials216back.JPG,ChroniclesEssentials216back_thumb.JPG,0.00,0.00,0.00,False,0,0,0.0,True,False,False,False,False,4,17,12,4,5,11/27/2021 07:28:38
178,Donruss,226,3.00,8.00,Donruss226front.JPG,Donruss226front_thumb.JPG,Donruss226back.JPG,Donruss226back_thumb.JPG,0.00,0.00,0.00,False,2,0,0.0,True,False,False,False,False,4,19,4,4,5,11/27/2021 08:31:36
179,Chronicles,90,1.50,4.00,Chronicles90front.JPG,Chronicles90front_thumb.JPG,Chronicles90back.JPG,Chronicles90back_thumb.JPG,0.00,0.00,0.00,False,0,0,0.0,False,False,False,False,False,4,17,12,4,5,11/27/2021 07:35:10
180,Chronicles,509,0.60,1.50,Chronicles509front.JPG,Chronicles509front_thumb.JPG,Chronicles509back.JPG,Chronicles509back_thumb.JPG,0.00,0.00,0.00,False,0,0,0.0,True,False,False,False,False,4,17,12,4,5,11/27/2021 07:39:41
181,Chronicles,6,1.00,2.50,Chronicles6front.JPG,Chronicles6front_thumb.JPG,Chronicles6back.JPG,Chronicles6back_thumb.JPG,0.00,0.00,0.00,False,0,0,0.0,False,False,False,False,False,4,17,12,4,5,11/27/2021 07:41:22
182,Chronicles Essentials,211,0.60,1.50,ChroniclesEssentials211front.JPG,ChroniclesEssentials211front_thumb.JPG,ChroniclesEssentials211back.JPG,ChroniclesEssentials211back_thumb.JPG,0.00,0.00,0.00,False,0,0,0.0,True,False,False,False,False,4,17,12,4,5,11/27/2021 07:43:14
183,Prestige,6,0.50,1.25,Prestige6front.JPG,Prestige6front_thumb.JPG,Prestige6back.JPG,Prestige6back_thumb.JPG,0.00,0.00,0.00,False,0,0,0.0,False,False,False,False,False,4,13,18,4,5,11/27/2021 07:45:30
184,Prestige,41,1.50,4.00,Prestige41front.JPG,Prestige41front_thumb.JPG,Prestige41back.JPG,Prestige41back_thumb.JPG,0.00,0.00,0.00,False,0,0,0.0,False,False,False,False,False,4,13,18,4,5,11/27/2021 07:47:09
185,Prestige,237,6.00,15.00,Prestige237front.JPG,Prestige237front_thumb.JPG,Prestige237back.JPG,Prestige237back_thumb.JPG,0.00,0.00,0.00,False,0,0,0.0,True,False,False,False,False,4,13,18,4,5,11/27/2021 07:48:43
186,Prestige,118,0.40,1.00,Prestige118front.JPG,Prestige118front_thumb.JPG,Prestige118back.JPG,Prestige118back_thumb.JPG,0.00,0.00,0.00,False,0,0,0.0,False,False,False,False,False,4,13,18,4,5,11/27/2021 07:50:26
187,Prestige All-Stars West,12,3.00,8.00,PrestigeAllStarsWest12front.JPG,PrestigeAllStarsWest12front_thumb.JPG,PrestigeAllStarsWest12back.JPG,PrestigeAllStarsWest12back_thumb.JPG,0.00,0.00,0.00,False,0,0,0.0,False,False,False,False,False,4,13,18,4,5,11/27/2021 07:52:10
188,Prestige,140,0.75,2.00,Prestige140front.JPG,Prestige140front_thumb.JPG,Prestige140back.JPG,Prestige140back_thumb.JPG,0.00,0.00,0.00,False,0,0,0.0,False,False,False,False,False,4,13,18,4,5,11/27/2021 07:53:51
189,Signatures Film Autographs Red,191,0.00,0.00,SignaturesFilmAutographsRed191front.JPG,SignaturesFilmAutographsRed191front_thumb.JPG,SignaturesFilmAutographsRed191back.JPG,SignaturesFilmAutographsRed191back_thumb.JPG,0.00,6.58,0.00,False,0,49,0.0,True,True,False,True,False,4,13,17,4,5,11/27/2021 07:56:54
190,Donruss,230,1.50,4.00,Donruss230front.JPG,Donruss230front_thumb.JPG,Donruss230back.JPG,Donruss230back_thumb.JPG,0.00,0.00,0.00,False,0,0,0.0,True,False,False,False,False,4,19,4,4,5,11/27/2021 07:59:26
191,Donruss Great X-Pectations,18,1.50,4.00,DonrussGreatXPectations18front.JPG,DonrussGreatXPectations18front_thumb.JPG,DonrussGreatXPectations18back.JPG,DonrussGreatXPectations18back_thumb.JPG,0.00,0.00,0.00,False,0,0,0.0,True,False,False,False,False,4,19,4,4,5,11/27/2021 08:01:11
192,Donruss,242,1.50,4.00,Donruss242front.JPG,Donruss242front_thumb.JPG,Donruss242back.JPG,Donruss242back_thumb.JPG,0.00,0.00,0.00,False,0,0,0.0,True,False,False,False,False,4,19,4,4,5,11/27/2021 08:03:02
193,Donruss,225,1.00,2.50,Donruss225front.JPG,Donruss225front_thumb.JPG,Donruss225back.JPG,Donruss225back_thumb.JPG,0.00,0.00,0.00,False,0,0,0.0,True,False,False,False,False,4,19,4,4,5,11/27/2021 08:10:14
194,Donruss,104,1.50,4.00,Donruss104front.JPG,Donruss104front_thumb.JPG,Donruss104back.JPG,Donruss104back_thumb.JPG,0.00,0.00,0.00,False,0,0,0.0,False,False,False,False,False,4,19,4,4,5,11/27/2021 08:13:31
195,Donruss,220,2.00,5.00,Donruss220front.JPG,Donruss220front_thumb.JPG,Donruss220back.JPG,Donruss220back_thumb.JPG,0.00,0.00,0.00,False,0,0,0.0,True,False,False,False,False,4,19,4,4,5,11/27/2021 08:15:01
196,Donruss,237,2.50,6.00,Donruss237front.JPG,Donruss237front_thumb.JPG,Donruss237back.JPG,Donruss237back_thumb.JPG,0.00,0.00,0.00,False,0,0,0.0,True,False,False,False,False,4,19,4,4,5,11/27/2021 08:16:30
197,Donruss,209,2.50,6.00,Donruss209front.JPG,Donruss209front_thumb.JPG,Donruss209back.JPG,Donruss209back_thumb.JPG,0.00,0.00,0.00,False,0,0,0.0,True,False,False,False,False,4,19,4,4,5,11/27/2021 08:18:25
198,Donruss Holo Orange Laser,244,2.50,6.00,DonrussHoloOrangeLaser244front.JPG,DonrussHoloOrangeLaser244front_thumb.JPG,DonrussHoloOrangeLaser244back.JPG,DonrussHoloOrangeLaser244back_thumb.JPG,0.00,0.00,0.00,False,0,0,0.0,True,False,False,False,False,4,19,4,4,5,11/27/2021 08:20:26
199,Donruss,207,2.00,5.00,Donruss207front.JPG,Donruss207front_thumb.JPG,Donruss207back.JPG,Donruss207back_thumb.JPG,0.00,0.00,0.00,False,0,0,0.0,True,False,False,False,False,4,19,4,4,5,11/27/2021 08:22:28
200,Donruss,146,1.50,4.00,Donruss146front.JPG,Donruss146front_thumb.JPG,Donruss146back.JPG,Donruss146back_thumb.JPG,0.00,0.00,0.00,False,0,0,0.0,False,False,False,False,False,4,19,4,4,5,11/27/2021 08:24:01
201,Donruss,215,2.00,5.00,Donruss215front.JPG,Donruss215front_thumb.JPG,Donruss215back.JPG,Donruss215back_thumb.JPG,0.00,0.00,0.00,False,0,0,0.0,True,False,False,False,False,4,19,4,4,5,11/27/2021 08:25:36
202,Donruss,166,1.50,4.00,Donruss166front.JPG,Donruss166front_thumb.JPG,Donruss166back.JPG,Donruss166back_thumb.JPG,0.00,0.00,0.00,False,0,0,0.0,False,False,False,False,False,4,19,4,4,5,11/27/2021 08:27:03
203,Donruss Holo Green and Yellow Laser,166,3.00,8.00,DonrussHoloGreenandYellowLaser166front.JPG,DonrussHoloGreenandYellowLaser166front_thumb.JPG,DonrussHoloGreenandYellowLaser166back.JPG,DonrussHoloGreenandYellowLaser166back_thumb.JPG,0.00,0.00,0.00,False,0,0,0.0,False,False,False,False,False,4,19,4,4,5,11/27/2021 08:29:17
204,Donruss,112,0.75,2.00,Donruss112front.JPG,Donruss112front_thumb.JPG,Donruss112back.JPG,Donruss112back_thumb.JPG,0.00,0.00,0.00,False,0,0,0.0,False,False,False,False,False,4,19,4,4,5,11/27/2021 08:30:48
205,Donruss,153,1.50,4.00,Donruss153front.JPG,Donruss153front_thumb.JPG,Donruss153back.JPG,Donruss153back_thumb.JPG,0.00,0.00,0.00,False,0,0,0.0,False,False,False,False,False,4,19,4,4,5,11/27/2021 08:36:42
206,Donruss,12,3.00,8.00,Donruss12front.JPG,Donruss12front_thumb.JPG,Donruss12back.JPG,Donruss12back_thumb.JPG,0.00,0.00,0.00,False,0,0,0.0,False,False,False,False,False,4,19,4,4,5,11/27/2021 08:44:37
207,Donruss,59,0.75,2.00,Donruss59front.JPG,Donruss59front_thumb.JPG,Donruss59back.JPG,Donruss59back_thumb.JPG,0.00,0.00,0.00,False,0,0,0.0,False,False,False,False,False,4,19,4,4,5,11/27/2021 08:46:06
208,Donruss,208,3.00,8.00,Donruss208front.JPG,Donruss208front_thumb.JPG,Donruss208back.JPG,Donruss208back_thumb.JPG,0.00,0.00,0.00,False,2,0,0.0,True,False,False,False,False,4,19,4,4,5,11/27/2021 08:47:47
209,Donruss Franchise Features,1,2.00,5.00,DonrussFranchiseFeatures1front.JPG,DonrussFranchiseFeatures1front_thumb.JPG,DonrussFranchiseFeatures1back.JPG,DonrussFranchiseFeatures1back_thumb.JPG,0.00,0.00,0.00,False,0,0,0.0,False,False,False,False,False,4,19,4,4,5,11/27/2021 08:49:40
210,Donruss,203,2.50,6.00,Donruss203front.JPG,Donruss203front_thumb.JPG,Donruss203back.JPG,Donruss203back_thumb.JPG,0.00,0.00,0.00,False,0,0,0.0,True,False,False,False,False,4,19,4,4,5,11/27/2021 08:51:42
211,Donruss,231,3.00,8.00,Donruss231front.JPG,Donruss231front_thumb.JPG,Donruss231back.JPG,Donruss231back_thumb.JPG,0.00,0.00,0.00,False,0,0,0.0,True,False,False,False,False,4,19,4,4,5,11/27/2021 08:54:00
212,Donruss,235,2.00,5.00,Donruss235front.JPG,Donruss235front_thumb.JPG,Donruss235back.JPG,Donruss235back_thumb.JPG,0.00,0.00,0.00,False,0,0,0.0,True,False,False,False,False,4,19,4,4,5,11/27/2021 08:55:42
213,Donruss Complete Players,9,3.00,8.00,DonrussCompletePlayers9front.JPG,DonrussCompletePlayers9front_thumb.JPG,DonrussCompletePlayers9back.JPG,DonrussCompletePlayers9back_thumb.JPG,0.00,0.00,0.00,False,0,0,0.0,False,False,False,False,False,4,19,4,4,5,11/27/2021 09:46:29
214,Innovation Rookies Main Exhibit Signatures,31,3.00,8.00,InnovationRookiesMainExhibitSignatures31front.JPG,InnovationRookiesMainExhibitSignatures31front_thumb.JPG,InnovationRookiesMainExhibitSignatures31back.JPG,InnovationRookiesMainExhibitSignatures31back_thumb.JPG,0.00,0.00,0.00,False,0,299,0.0,True,True,False,True,False,4,14,9,4,7,01/15/2022 08:46:47
215,Innovation Game Jerseys Autographs,25,4.00,10.00,InnovationGameJerseysAutographs25front.JPG,InnovationGameJerseysAutographs25front_thumb.JPG,InnovationGameJerseysAutographs25back.JPG,InnovationGameJerseysAutographs25back_thumb.JPG,0.00,0.00,0.00,False,0,199,0.0,False,True,True,False,True,4,14,9,4,7,01/15/2022 09:58:36
216,Innovation Game Jerseys Autographs,5,5.00,12.00,InnovationGameJerseysAutographs5front.JPG,InnovationGameJerseysAutographs5front_thumb.JPG,InnovationGameJerseysAutographs5back.JPG,InnovationGameJerseysAutographs5back_thumb.JPG,0.00,0.00,0.00,False,0,199,0.0,False,True,True,False,True,4,14,9,4,7,01/15/2022 09:58:21
217,Innovation Foundations Ink,94,4.00,10.00,InnovationFoundationsInk94front.JPG,InnovationFoundationsInk94front_thumb.JPG,InnovationFoundationsInk94back.JPG,InnovationFoundationsInk94back_thumb.JPG,0.00,0.00,0.00,False,0,199,0.0,False,True,False,True,False,4,14,9,4,7,01/15/2022 09:58:06
218,Hoops Green,239,20.00,50.00,HoopsGreen239front.jpg,HoopsGreen239front_thumb.jpg,HoopsGreen239back.jpg,HoopsGreen239back_thumb.jpg,0.00,0.00,0.00,False,0,99,0.0,True,False,False,False,False,4,19,8,4,7,01/15/2022 09:31:08
219,Hoops SLAM,7,6.00,15.00,HoopsSLAM7front.JPG,HoopsSLAM7front_thumb.JPG,HoopsSLAM7back.JPG,HoopsSLAM7back_thumb.JPG,0.00,0.00,0.00,False,0,0,0.0,False,False,False,False,False,4,19,8,4,7,01/15/2022 09:39:41
220,Donruss Franchise Features,10,3.00,8.00,DonrussFranchiseFeatures10front.JPG,DonrussFranchiseFeatures10front_thumb.JPG,DonrussFranchiseFeatures10back.JPG,DonrussFranchiseFeatures10back_thumb.JPG,0.00,0.00,0.00,False,0,0,0.0,False,False,False,False,False,4,19,4,4,7,01/15/2022 09:42:06
221,Donruss Signature Series,37,3.00,8.00,DonrussSignatureSeries37front.JPG,DonrussSignatureSeries37front_thumb.JPG,DonrussSignatureSeries37back.JPG,DonrussSignatureSeries37back_thumb.JPG,0.00,0.00,0.00,False,0,0,0.0,False,True,False,False,False,4,19,4,4,7,01/15/2022 09:45:20
222,Donruss Holo Orange Laser,41,5.00,12.00,DonrussHoloOrangeLaser41front.JPG,DonrussHoloOrangeLaser41front_thumb.JPG,DonrussHoloOrangeLaser41back.JPG,DonrussHoloOrangeLaser41back_thumb.JPG,0.00,0.00,0.00,False,0,0,0.0,False,False,False,False,False,4,19,4,4,7,01/15/2022 09:47:45
223,Donruss All Time League Leaders,2,4.00,10.00,DonrussAllTimeLeagueLeaders2front.JPG,DonrussAllTimeLeagueLeaders2front_thumb.JPG,DonrussAllTimeLeagueLeaders2back.JPG,DonrussAllTimeLeagueLeaders2back_thumb.JPG,0.00,0.00,0.00,False,0,0,0.0,False,False,False,False,False,4,19,4,4,7,01/15/2022 09:50:26
224,Panini Chronicles Pink Crusade,528,12.00,30.00,PaniniChroniclesPinkCrusade528front.JPG,PaniniChroniclesPinkCrusade528front_thumb.JPG,PaniniChroniclesPinkCrusade528back.JPG,PaniniChroniclesPinkCrusade528back_thumb.JPG,0.00,0.00,0.00,False,0,0,0.0,False,False,False,False,False,4,18,12,4,7,01/15/2022 09:52:36
225,Panini Chronicles Crusade,"540 ",1.25,3.00,PaniniChroniclesCrusade540front.JPG,PaniniChroniclesCrusade540front_thumb.JPG,PaniniChroniclesCrusade540back.JPG,PaniniChroniclesCrusade540back_thumb.JPG,0.00,0.00,0.00,False,0,0,0.0,True,False,False,False,False,4,18,12,4,7,01/15/2022 09:57:18
226,Panini Chronicles Pink Playbook,"169 ",6.00,15.00,PaniniChroniclesPinkPlaybook169front.JPG,PaniniChroniclesPinkPlaybook169front_thumb.JPG,PaniniChroniclesPinkPlaybook169back.JPG,PaniniChroniclesPinkPlaybook169back_thumb.JPG,0.00,0.00,0.00,False,0,0,0.0,True,False,False,False,False,4,18,12,4,7,01/15/2022 09:57:05
227,Panini Chronicles Panini,"120 ",4.00,10.00,PaniniChroniclesPanini120front.JPG,PaniniChroniclesPanini120front_thumb.JPG,PaniniChroniclesPanini120back.JPG,PaniniChroniclesPanini120back_thumb.JPG,0.00,0.00,0.00,False,0,0,0.0,True,False,False,False,False,4,18,12,4,7,01/15/2022 10:03:27
228,Panini Chronicles Pink Prestige,"60 ",6.00,15.00,PaniniChroniclesPinkPrestige60front.JPG,PaniniChroniclesPinkPrestige60front_thumb.JPG,PaniniChroniclesPinkPrestige60back.JPG,PaniniChroniclesPinkPrestige60back_thumb.JPG,0.00,0.00,0.00,False,0,0,0.0,True,False,False,False,False,4,18,12,4,7,01/15/2022 10:05:13
229,Panini Spectra Illustrious Legends Signatures,23,4.00,10.00,PaniniSpectraIllustriousLegendsSignatures23front.JPG,PaniniSpectraIllustriousLegendsSignatures23front_thumb.JPG,PaniniSpectraIllustriousLegendsSignatures23back.JPG,PaniniSpectraIllustriousLegendsSignatures23back_thumb.JPG,0.00,0.00,0.00,False,0,149,0.0,False,True,False,False,False,4,21,23,4,7,01/15/2022 10:09:21
230,Panini Intrigue Autograph Jerseys,9,4.00,10.00,PaniniIntrigueAutographJerseys9front.JPG,PaniniIntrigueAutographJerseys9front_thumb.JPG,PaniniIntrigueAutographJerseys9back.JPG,PaniniIntrigueAutographJerseys9back_thumb.JPG,0.00,0.00,0.00,False,0,25,0.0,False,True,True,False,True,4,13,24,4,7,01/15/2022 10:13:26
231,SP Signature Edition SIGnificance,"SMW ",4.00,10.00,SPSignatureEditionSIGnificanceSMWfront.JPG,SPSignatureEditionSIGnificanceSMWfront_thumb.JPG,SPSignatureEditionSIGnificanceSMWback.JPG,SPSignatureEditionSIGnificanceSMWback_thumb.JPG,0.00,0.00,0.00,False,0,299,0.0,False,True,False,False,False,4,12,25,4,7,01/15/2022 10:19:44
232,Panini Spectra Illustrious Legends Signatures,"19 ",6.00,15.00,PaniniSpectraIllustriousLegendsSignatures19front.JPG,PaniniSpectraIllustriousLegendsSignatures19front_thumb.JPG,PaniniSpectraIllustriousLegendsSignatures19back.JPG,PaniniSpectraIllustriousLegendsSignatures19back_thumb.JPG,0.00,0.00,0.00,False,0,149,0.0,False,True,False,False,False,4,21,23,4,7,01/15/2022 10:21:19
233,Elite Rookie Inscriptions,49,4.00,10.00,EliteRookieInscriptions49front.JPG,EliteRookieInscriptions49front_thumb.JPG,EliteRookieInscriptions49back.JPG,EliteRookieInscriptions49back_thumb.JPG,0.00,0.00,0.00,False,0,0,0.0,True,True,False,True,False,4,13,26,4,7,01/15/2022 10:24:38
234,Panini Season Update Signatures,"41 ",4.00,10.00,PaniniSeasonUpdateSignatures41front.JPG,PaniniSeasonUpdateSignatures41front_thumb.JPG,PaniniSeasonUpdateSignatures41back.JPG,PaniniSeasonUpdateSignatures41back_thumb.JPG,0.00,0.00,0.00,False,0,99,0.0,False,True,False,False,False,4,22,27,4,7,01/15/2022 10:28:14
235,Totally Certified Autographs Blue,"214 ",5.00,12.00,TotallyCertifiedAutographsBlue214front.JPG,TotallyCertifiedAutographsBlue214front_thumb.JPG,TotallyCertifiedAutographsBlue214back.JPG,TotallyCertifiedAutographsBlue214back_thumb.JPG,0.00,0.00,0.00,False,0,49,0.0,False,True,False,False,False,4,14,28,4,7,01/15/2022 10:31:41
236,Panini Chronicles Signature Swatches Blue #Jarrett Allen,"18 ",5.00,12.00,PaniniChroniclesSignatureSwatchesBlueJarrettAllen18front.JPG,PaniniChroniclesSignatureSwatchesBlueJarrettAllen18front_thumb.JPG,PaniniChroniclesSignatureSwatchesBlueJarrettAllen18back.JPG,PaniniChroniclesSignatureSwatchesBlueJarrettAllen18back_thumb.JPG,0.00,0.00,0.00,False,0,99,0.0,True,True,True,False,True,4,21,12,4,7,01/15/2022 10:35:57
237,Totally Certified Fabric of the Game Materials Blue,FGKL,10.00,25.00,TotallyCertifiedFabricoftheGameMaterialsBlueFGKLfront.JPG,TotallyCertifiedFabricoftheGameMaterialsBlueFGKLfront_thumb.JPG,TotallyCertifiedFabricoftheGameMaterialsBlueFGKLback.JPG,TotallyCertifiedFabricoftheGameMaterialsBlueFGKLback_thumb.JPG,0.00,0.00,0.00,False,0,99,0.0,False,False,True,False,True,4,16,28,4,7,01/15/2022 10:37:56
238,Totally Certified Materials Blue,"136 ",12.00,30.00,TotallyCertifiedMaterialsBlue136front.JPG,TotallyCertifiedMaterialsBlue136front_thumb.JPG,TotallyCertifiedMaterialsBlue136back.JPG,TotallyCertifiedMaterialsBlue136back_thumb.JPG,0.00,0.00,0.00,False,0,99,0.0,False,False,True,False,True,4,14,28,4,7,01/15/2022 10:40:45
239,Donruss,177,75.00,200.00,Donruss177front.JPG,Donruss177front_thumb.JPG,Donruss177back.JPG,Donruss177back_thumb.JPG,0.00,200.00,200.00,True,0,0,10.0,True,False,False,False,False,4,17,4,2,7,01/15/2022 10:43:10
240,Donruss Holo Yellow Laser,"9 ",5.00,12.00,DonrussHoloYellowLaser9front.JPG,DonrussHoloYellowLaser9front_thumb.JPG,DonrussHoloYellowLaser9back.JPG,DonrussHoloYellowLaser9back_thumb.JPG,0.00,0.00,0.00,False,0,25,0.0,False,False,False,False,False,4,19,4,4,7,01/15/2022 10:53:59
241,Panini Luxe Die Cut Autographs,"25 ",8.00,20.00,PaniniLuxeDieCutAutographs25front.JPG,PaniniLuxeDieCutAutographs25front_thumb.JPG,PaniniLuxeDieCutAutographs25back.JPG,PaniniLuxeDieCutAutographs25back_thumb.JPG,0.00,0.00,0.00,False,0,49,0.0,False,True,False,True,False,4,16,29,4,7,01/15/2022 10:57:10
242,Panini Noir Jumbo Material #Kevin Love,"14 ",2.50,6.00,PaniniNoirJumboMaterialKevinLove14front.JPG,PaniniNoirJumboMaterialKevinLove14front_thumb.JPG,PaniniNoirJumboMaterialKevinLove14back.JPG,PaniniNoirJumboMaterialKevinLove14back_thumb.JPG,0.00,0.00,0.00,False,0,99,0.0,False,False,True,False,True,4,17,30,4,7,01/15/2022 11:00:16
243,SkyBox,"205 ",2.00,5.00,SkyBox205front.JPG,SkyBox205front_thumb.JPG,SkyBox205back.JPG,SkyBox205back_thumb.JPG,0.00,0.00,0.00,False,0,0,0.0,True,False,False,False,False,4,11,31,4,7,01/15/2022 11:02:38
244,Topps 1958-59 Variations,"200 ",1.50,4.00,Topps195859Variations200front.JPG,Topps195859Variations200front_thumb.JPG,Topps195859Variations200back.JPG,Topps195859Variations200back_thumb.JPG,0.00,0.00,0.00,False,0,0,0.0,True,False,False,False,False,4,11,2,4,7,01/15/2022 11:05:14
245,Fleer,205,1.00,2.50,Fleer205front.JPG,Fleer205front_thumb.JPG,Fleer205back.JPG,Fleer205back_thumb.JPG,0.00,0.00,0.00,False,0,0,0.0,True,False,False,False,False,4,11,5,4,7,01/15/2022 11:07:54
246,Panini Chronicles Signatures Purple,"60 ",0.00,0.00,PaniniChroniclesSignaturesPurple60front.JPG,PaniniChroniclesSignaturesPurple60front_thumb.JPG,PaniniChroniclesSignaturesPurple60back.JPG,PaniniChroniclesSignaturesPurple60back_thumb.JPG,0.00,0.00,0.00,False,0,25,0.0,False,True,False,False,False,4,17,12,4,7,01/15/2022 11:10:25
247,Panini Encased Label Materials,4,2.50,6.00,PaniniEncasedLabelMaterials4front.JPG,PaniniEncasedLabelMaterials4front_thumb.JPG,PaniniEncasedLabelMaterials4back.JPG,PaniniEncasedLabelMaterials4back_thumb.JPG,0.00,0.00,0.00,False,0,199,0.0,False,False,True,False,True,4,18,32,4,7,01/15/2022 11:13:52
248,Panini Aficionado Authentics Memorabilia Prime,18,5.00,12.00,PaniniAficionadoAuthenticsMemorabiliaPrime18front.JPG,PaniniAficionadoAuthenticsMemorabiliaPrime18front_thumb.JPG,PaniniAficionadoAuthenticsMemorabiliaPrime18back.JPG,PaniniAficionadoAuthenticsMemorabiliaPrime18back_thumb.JPG,0.00,0.00,0.00,False,0,25,0.0,False,False,True,False,True,4,23,33,4,7,01/15/2022 11:16:19
249,Prestige Plus NBA Materials,15,3.00,8.00,PrestigePlusNBAMaterials15front.JPG,PrestigePlusNBAMaterials15front_thumb.JPG,PrestigePlusNBAMaterials15back.JPG,PrestigePlusNBAMaterials15back_thumb.JPG,0.00,0.00,0.00,False,0,199,0.0,False,False,True,False,True,4,15,18,4,7,01/15/2022 11:19:27
250,Donruss,86,0.30,0.75,Donruss86front.JPG,Donruss86front_thumb.JPG,Donruss86back.JPG,Donruss86back_thumb.JPG,0.00,0.00,0.00,False,2,0,0.0,False,False,False,False,False,4,19,4,4,7,01/15/2022 11:37:44
251,Panini Chronicles,36,0.30,0.75,PaniniChronicles36front.JPG,PaniniChronicles36front_thumb.JPG,PaniniChronicles36back.JPG,PaniniChronicles36back_thumb.JPG,0.00,0.00,0.00,False,0,0,0.0,False,False,False,False,False,4,18,12,4,7,01/15/2022 11:31:47
252,Hoops,52,0.30,0.75,Hoops52front.JPG,Hoops52front_thumb.JPG,Hoops52back.JPG,Hoops52back_thumb.JPG,0.00,0.00,0.00,False,0,0,0.0,False,False,False,False,False,4,19,8,4,7,01/15/2022 11:33:34
253,Hoops Winter,52,0.40,1.00,HoopsWinter52front.JPG,HoopsWinter52front_thumb.JPG,HoopsWinter52back.JPG,HoopsWinter52back_thumb.JPG,0.00,0.00,0.00,False,0,0,0.0,False,False,False,False,False,4,19,8,4,7,01/15/2022 11:35:31
254,Panini Contenders,1,0.30,0.75,PaniniContenders1front.JPG,PaniniContenders1front_thumb.JPG,PaniniContenders1back.JPG,PaniniContenders1back_thumb.JPG,0.00,0.00,0.00,False,0,0,0.0,False,False,False,False,False,4,19,14,4,7,01/15/2022 11:37:07
255,Prestige,10,0.40,1.00,Prestige10front.JPG,Prestige10front_thumb.JPG,Prestige10back.JPG,Prestige10back_thumb.JPG,0.00,0.00,0.00,False,0,0,0.0,False,False,False,False,False,4,16,18,4,7,01/15/2022 11:39:42
256,Donruss,202,6.00,15.00,Donruss202front.JPG,Donruss202front_thumb.JPG,Donruss202back.JPG,Donruss202back_thumb.JPG,0.00,90.00,100.00,True,0,0,10.0,True,False,False,False,False,4,18,4,2,7,01/15/2022 11:42:24
261,Contenders,71,1.00,4.00,Contenders71front.JPG,Contenders71front_thumb.JPG,Contenders71back.JPG,Contenders71back_thumb.JPG,0.00,0.00,0.00,False,0,0,0.0,False,False,False,False,False,4,19,14,4,6,07/17/2022 14:25:41
263,Contenders,75,2.00,6.00,Contenders75front.JPG,Contenders75front_thumb.JPG,Contenders75back.JPG,Contenders75back_thumb.JPG,0.00,0.00,0.00,False,0,0,0.0,False,False,False,False,False,4,19,14,4,6,07/17/2022 14:29:52
264,Contenders,5,1.00,3.00,Contenders5front.JPG,Contenders5front_thumb.JPG,Contenders5back.JPG,Contenders5back_thumb.JPG,0.00,0.00,0.00,False,0,0,0.0,False,False,False,False,False,4,19,14,4,6,07/17/2022 14:33:49
265,Contenders,89,1.00,3.00,Contenders89front.JPG,Contenders89front_thumb.JPG,Contenders89back.JPG,Contenders89back_thumb.JPG,0.00,0.00,0.00,False,0,0,0.0,False,False,False,False,False,4,19,14,4,6,07/17/2022 14:50:31
266,Contenders Game Night Ticket,20,4.00,10.00,ContendersGameNightTicket20front.JPG,ContendersGameNightTicket20front_thumb.JPG,ContendersGameNightTicket20back.JPG,ContendersGameNightTicket20back_thumb.JPG,0.00,0.00,0.00,False,0,0,0.0,False,False,False,False,False,4,19,14,4,6,07/17/2022 14:55:55
267,Contenders,85,2.00,6.00,Contenders85front.JPG,Contenders85front_thumb.JPG,Contenders85back.JPG,Contenders85back_thumb.JPG,0.00,0.00,0.00,False,0,0,0.0,False,False,False,False,False,4,19,14,4,6,07/17/2022 14:59:03
268,Contenders '20 Draft Class Contenders,3,1.00,3.00,Contenders20DraftClassContenders3front.JPG,Contenders20DraftClassContenders3front_thumb.JPG,Contenders20DraftClassContenders3back.JPG,Contenders20DraftClassContenders3back_thumb.JPG,0.00,0.00,0.00,False,0,0,0.0,True,False,False,False,False,4,19,14,4,6,07/17/2022 15:04:50
269,Contenders,81,3.00,8.00,Contenders81front.JPG,Contenders81front_thumb.JPG,Contenders81back.JPG,Contenders81back_thumb.JPG,0.00,0.00,0.00,False,2,0,0.0,False,False,False,False,False,4,19,14,4,6,07/17/2022 15:08:19
270,Contenders '20 Draft Class Contenders,13,1.00,2.00,Contenders20DraftClassContenders13front.JPG,Contenders20DraftClassContenders13front_thumb.JPG,Contenders20DraftClassContenders13back.JPG,Contenders20DraftClassContenders13back_thumb.JPG,0.00,0.00,0.00,False,0,0,0.0,True,False,False,False,False,4,19,14,4,6,07/17/2022 15:11:43
271,Contenders Game Night Ticket Red,12,4.00,10.00,ContendersGameNightTicketRed12front.JPG,ContendersGameNightTicketRed12front_thumb.JPG,ContendersGameNightTicketRed12back.JPG,ContendersGameNightTicketRed12back_thumb.JPG,0.00,0.00,0.00,False,0,0,0.0,False,False,False,False,False,4,19,14,4,6,07/17/2022 15:19:34
272,Contenders,49,1.00,4.00,Contenders49front.JPG,Contenders49front_thumb.JPG,Contenders49back.JPG,Contenders49back_thumb.JPG,0.00,0.00,0.00,False,0,0,0.0,False,False,False,False,False,4,19,14,4,6,07/17/2022 15:23:22
273,Contenders,20,2.00,6.00,Contenders20front.JPG,Contenders20front_thumb.JPG,Contenders20back.JPG,Contenders20back_thumb.JPG,0.00,0.00,0.00,False,0,0,0.0,False,False,False,False,False,4,19,14,4,6,07/17/2022 15:25:46
274,Contenders Game Night Ticket,1,1.00,3.00,ContendersGameNightTicket1front.JPG,ContendersGameNightTicket1front_thumb.JPG,ContendersGameNightTicket1back.JPG,ContendersGameNightTicket1back_thumb.JPG,0.00,0.00,0.00,False,0,0,0.0,False,False,False,False,False,4,19,14,4,6,07/17/2022 15:28:40
275,Contenders,87,1.00,4.00,Contenders87front.JPG,Contenders87front_thumb.JPG,Contenders87back.JPG,Contenders87back_thumb.JPG,0.00,0.00,0.00,False,0,0,0.0,False,False,False,False,False,4,19,14,4,6,07/17/2022 15:32:10
276,Contenders Game Night Ticket Red,1,1.00,4.00,ContendersGameNightTicketRed1front.JPG,ContendersGameNightTicketRed1front_thumb.JPG,ContendersGameNightTicketRed1back.JPG,ContendersGameNightTicketRed1back_thumb.JPG,0.00,0.00,0.00,False,0,0,0.0,False,False,False,False,False,4,19,14,4,6,07/17/2022 15:34:10
277,Contenders,58,1.00,4.00,Contenders58front.JPG,Contenders58front_thumb.JPG,Contenders58back.JPG,Contenders58back_thumb.JPG,0.00,0.00,0.00,False,0,0,0.0,False,False,False,False,False,4,19,14,4,6,07/17/2022 15:36:09
278,Donruss,41,2.00,6.00,Donruss41front.JPG,Donruss41front_thumb.JPG,Donruss41back.JPG,Donruss41back_thumb.JPG,0.00,0.00,0.00,False,0,0,0.0,False,False,False,False,False,4,19,4,4,6,07/17/2022 15:42:51
279,Donruss,206,2.00,5.00,Donruss206front.JPG,Donruss206front_thumb.JPG,Donruss206back.JPG,Donruss206back_thumb.JPG,0.00,0.00,0.00,False,0,0,0.0,True,False,False,False,False,4,19,4,4,6,07/17/2022 15:45:30
280,Donruss,233,2.00,5.00,Donruss233front.JPG,Donruss233front_thumb.JPG,Donruss233back.JPG,Donruss233back_thumb.JPG,0.00,0.00,0.00,False,0,0,0.0,True,False,False,False,False,4,19,4,4,6,07/17/2022 15:48:16
281,Donruss,205,2.00,5.00,Donruss205front.JPG,Donruss205front_thumb.JPG,Donruss205back.JPG,Donruss205back_thumb.JPG,0.00,0.00,0.00,False,0,0,0.0,True,False,False,False,False,4,19,4,4,6,07/17/2022 15:51:47
282,Donruss,228,2.00,5.00,Donruss228front.JPG,Donruss228front_thumb.JPG,Donruss228back.JPG,Donruss228back_thumb.JPG,0.00,0.00,0.00,False,0,0,0.0,True,False,False,False,False,4,19,4,4,6,07/17/2022 15:54:25
283,Donruss,214,1.00,3.00,Donruss214front.JPG,Donruss214front_thumb.JPG,Donruss214back.JPG,Donruss214back_thumb.JPG,0.00,0.00,0.00,False,0,0,0.0,True,False,False,False,False,4,19,4,4,6,07/17/2022 15:56:35
284,Donruss Holo Orange Laser,146,3.00,8.00,DonrussHoloOrangeLaser146front.JPG,DonrussHoloOrangeLaser146front_thumb.JPG,DonrussHoloOrangeLaser146back.JPG,DonrussHoloOrangeLaser146back_thumb.JPG,0.00,0.00,0.00,False,0,0,0.0,False,False,False,False,False,4,19,4,4,6,07/17/2022 15:58:37
285,Donruss Great X-Pectations,8,2.00,6.00,DonrussGreatXPectations8front.JPG,DonrussGreatXPectations8front_thumb.JPG,DonrussGreatXPectations8back.JPG,DonrussGreatXPectations8back_thumb.JPG,0.00,0.00,0.00,False,0,0,0.0,True,False,False,False,False,4,19,4,4,6,07/17/2022 16:00:59
286,Donruss,229,2.00,6.00,Donruss229front.JPG,Donruss229front_thumb.JPG,Donruss229back.JPG,Donruss229back_thumb.JPG,0.00,0.00,0.00,False,0,0,0.0,True,False,False,False,False,4,19,4,4,6,07/17/2022 16:03:07
287,Donruss,241,1.00,2.00,Donruss241front.JPG,Donruss241front_thumb.JPG,Donruss241back.JPG,Donruss241back_thumb.JPG,0.00,0.00,0.00,False,0,0,0.0,True,False,False,False,False,4,19,4,4,6,07/17/2022 16:05:24
288,Donruss,224,2.00,5.00,Donruss224front.JPG,Donruss224front_thumb.JPG,Donruss224back.JPG,Donruss224back_thumb.JPG,0.00,0.00,0.00,False,0,0,0.0,True,False,False,False,False,4,19,4,4,6,07/17/2022 16:07:46
289,Innovation Stained Glass,66,4.00,10.00,InnovationStainedGlass66front.JPG,InnovationStainedGlass66front_thumb.JPG,InnovationStainedGlass66back.JPG,InnovationStainedGlass66back_thumb.JPG,0.00,0.00,0.00,False,0,0,0.0,False,False,False,False,False,4,14,9,4,6,07/17/2022 16:10:33
290,Innovation Stained Glass,40,5.00,12.00,InnovationStainedGlass40front.JPG,InnovationStainedGlass40front_thumb.JPG,InnovationStainedGlass40back.JPG,InnovationStainedGlass40back_thumb.JPG,0.00,0.00,0.00,False,0,0,0.0,False,False,False,False,False,4,14,9,4,6,07/17/2022 16:12:33
291,Innovation Stained Glass,25,5.00,12.00,InnovationStainedGlass25front.JPG,InnovationStainedGlass25front_thumb.JPG,InnovationStainedGlass25back.JPG,InnovationStainedGlass25back_thumb.JPG,0.00,0.00,0.00,False,0,0,0.0,False,False,False,False,False,4,14,9,4,6,07/17/2022 16:14:37
292,Innovation Starters,8,6.00,15.00,InnovationStarters8front.JPG,InnovationStarters8front_thumb.JPG,InnovationStarters8back.JPG,InnovationStarters8back_thumb.JPG,0.00,0.00,0.00,False,0,0,0.0,False,False,False,False,False,4,14,9,4,6,07/17/2022 16:20:38
293,Signatures Legends,187,4.00,10.00,SignaturesLegends187front.JPG,SignaturesLegends187front_thumb.JPG,SignaturesLegends187back.JPG,SignaturesLegends187back_thumb.JPG,0.00,0.00,0.00,False,0,25,0.0,False,False,False,False,False,4,13,17,4,6,07/17/2022 16:24:20
294,Prestige Stars of the NBA,9,5.00,12.00,PrestigeStarsoftheNBA9front.JPG,PrestigeStarsoftheNBA9front_thumb.JPG,PrestigeStarsoftheNBA9back.JPG,PrestigeStarsoftheNBA9back_thumb.JPG,0.00,0.00,0.00,False,0,0,0.0,False,False,False,False,False,4,13,18,4,6,07/17/2022 16:27:32
295,Brilliance Magic Numbers,6,6.00,15.00,BrillianceMagicNumbers6front.JPG,BrillianceMagicNumbers6front_thumb.JPG,BrillianceMagicNumbers6back.JPG,BrillianceMagicNumbers6back_thumb.JPG,0.00,0.00,0.00,False,0,0,0.0,True,False,False,False,False,4,13,11,4,6,07/17/2022 16:30:28
296,Brilliance Team Tomorrow,4,5.00,12.00,BrillianceTeamTomorrow4front.JPG,BrillianceTeamTomorrow4front_thumb.JPG,BrillianceTeamTomorrow4back.JPG,BrillianceTeamTomorrow4back_thumb.JPG,0.00,0.00,0.00,False,0,0,0.0,True,False,False,False,False,4,13,11,4,6,07/17/2022 16:35:44
